latitude,longitude,adm3_name,weight
4.1859205331891545,36.56250000000001,Yabelo,0.0015499032770945114
4.1859205331891545,36.56250000000001,Dire,7.244648149501749e-05
4.1859205331891545,36.56250000000001,Teltale,0.0811858521700952
4.1859205331891545,36.56250000000001,Dilo,0.03592240688990861
4.1859205331891545,36.56250000000001,Dubluk,0.004628312340261568
4.1859205331891545,36.56250000000001,Elwaya,0.03908837666304336
4.1859205331891545,36.56250000000001,Dugda Dawa,0.0009066458317818764
4.1859205331891545,36.56250000000001,Suro Berguda,0.0008853577074249813
4.1859205331891545,36.56250000000001,Alle Special,0.0049949419608113135
4.1859205331891545,36.56250000000001,Derashe,0.0011807244645855816
4.1859205331891545,36.56250000000001,Kena,0.0029270727741321848
4.1859205331891545,36.56250000000001,Karat Zuria,0.009909642599250668
4.1859205331891545,36.56250000000001,Karat town,2.978662163062813e-05
4.1859205331891545,36.56250000000001,Segen Zuria,0.0035727909003560993
4.1859205331891545,36.56250000000001,Kolme,0.007074040299245706
4.1859205331891545,36.56250000000001,Burji,0.010908542788892157
4.1859205331891545,36.56250000000001,Bena Tsemay,0.030148327106332466
4.1859205331891545,36.56250000000001,Dasenech /Kuraz,0.026840910022838532
4.1859205331891545,36.56250000000001,Hamer,0.06119403651011948
4.1859205331891545,36.56250000000001,Malie,0.001242165970332913
4.1859205331891545,36.56250000000001,Nyngatom,0.027265501573251343
4.1859205331891545,36.56250000000001,Salamago,0.006923213719449826
4.1859205331891545,36.56250000000001,Turmi town,5.521281305003808e-05
4.1859205331891545,36.56250000000001,Surma,0.007122715143598317
4.1859205331891545,36.56250000000001,Maji,0.004669286906329142
4.1859205331891545,39.375,Yabelo,0.026092521046627445
4.1859205331891545,39.375,Moyale (OR),0.017869070250773784
4.1859205331891545,39.375,Dire,0.028404378298194654
4.1859205331891545,39.375,Miyo,0.026697990236470112
4.1859205331891545,39.375,Dilo,0.0046831458225570265
4.1859205331891545,39.375,Gomole,0.013984438068062363
4.1859205331891545,39.375,Guchi,0.02495972558833814
4.1859205331891545,39.375,Dubluk,0.019602967399508228
4.1859205331891545,39.375,Elwaya,0.0019247058202905946
4.1859205331891545,39.375,Yabelo town,0.0001667284314968067
4.1859205331891545,39.375,Odo Shakiso,9.271394243997623e-05
4.1859205331891545,39.375,Saba Boru,0.01957435618621896
4.1859205331891545,39.375,Aga Wayu,0.005429741914991096
4.1859205331891545,39.375,Bule Hora,0.0031900795969888062
4.1859205331891545,39.375,Dugda Dawa,0.017975381483215508
4.1859205331891545,39.375,Melka Soda,0.014907958375435222
4.1859205331891545,39.375,Suro Berguda,0.0035173057735898476
4.1859205331891545,39.375,Negele town,9.282663906844742e-05
4.1859205331891545,39.375,Liben,0.027493322335830787
4.1859205331891545,39.375,Meda Welabu,0.019566449466750034
4.1859205331891545,39.375,Gora Dola,0.016077513318355115
4.1859205331891545,39.375,Gumi Idalo,0.02619064890317185
4.1859205331891545,39.375,Arero,0.04673482475127054
4.1859205331891545,39.375,Wachile,0.052600335719777576
4.1859205331891545,39.375,Dhas,0.032968542974553046
4.1859205331891545,39.375,Filtu,0.04163173767844785
4.1859205331891545,39.375,Deka Suftu,0.04251913544334052
4.1859205331891545,39.375,Bokolmayo,7.370822050575472e-05
4.1859205331891545,39.375,Moyale (SM),0.014522226683226105
4.1859205331891545,39.375,Hudet,0.013071458595973175
4.1859205331891545,39.375,Mubarek,0.07707097804342239
4.1859205331891545,39.375,Qada Duma,0.022532243153578498
4.1859205331891545,42.18749999999999,Adadle,0.024618181421674032
4.1859205331891545,42.18749999999999,Charati,0.07209116306981567
4.1859205331891545,42.18749999999999,Hargele,0.07218545885108996
4.1859205331891545,42.18749999999999,Barey,0.06382319310326312
4.1859205331891545,42.18749999999999,Dolobay,0.04159620682996258
4.1859205331891545,42.18749999999999,Kohle /Qoxle,0.02552770688064968
4.1859205331891545,42.18749999999999,God-God,0.016540722354302834
4.1859205331891545,42.18749999999999,Filtu,0.07829420286989118
4.1859205331891545,42.18749999999999,Dolo Ado,0.035746700116112536
4.1859205331891545,42.18749999999999,Bokolmayo,0.0485229152941097
4.1859205331891545,45.0,Shilabo,0.012028324808837329
4.1859205331891545,45.0,Higloley,0.003701384302220838
4.1859205331891545,45.0,Adadle,0.02575691640961182
4.1859205331891545,45.0,Kelafo,0.04667876283184963
4.1859205331891545,45.0,Mustahil,0.030720051680426814
4.1859205331891545,45.0,Ferfer,0.022821848987935007
6.976533553948637,33.75,Bure (OR),0.0038029936380322028
6.976533553948637,33.75,Sale Nono,0.006716108288614672
6.976533553948637,33.75,Sayo,0.0026608530501077347
6.976533553948637,33.75,Masha,0.00024927437180698636
6.976533553948637,33.75,Gurafereda,0.010823903893279413
6.976533553948637,33.75,Bero,0.0005184560576238764
6.976533553948637,33.75,Surma,0.015065403925149849
6.976533553948637,33.75,Akobo,0.02237378972764337
6.976533553948637,33.75,Lare,0.003614973536438113
6.976533553948637,33.75,Jikawo,0.004540318245273888
6.976533553948637,33.75,Wantawo,0.006982943313450215
6.976533553948637,33.75,Makuey,0.0042780698459871465
6.976533553948637,33.75,Gambela National Park,0.004932492062281308
6.976533553948637,33.75,Abobo,0.032814282948323434
6.976533553948637,33.75,Gambela Zuria,0.0321609666086298
6.976533553948637,33.75,Gog,0.033794292075173225
6.976533553948637,33.75,Jore,0.03469096672613122
6.976533553948637,33.75,Dima (GM),0.08747745289406329
6.976533553948637,33.75,Gambela town,0.00016204362683673777
6.976533553948637,33.75,Godere,0.0012600226745670543
6.976533553948637,33.75,Mengesh,0.01346633420818048
6.976533553948637,33.75,Itang,0.013167716274455584
6.976533553948637,36.56250000000001,Yayu,0.007635366572351465
6.976533553948637,36.56250000000001,Metu Zuria,0.004580543506023429
6.976533553948637,36.56250000000001,Ale,0.005880496399529614
6.976533553948637,36.56250000000001,Bure (OR),0.003676014886500173
6.976533553948637,36.56250000000001,Sale Nono,0.011131732557961233
6.976533553948637,36.56250000000001,Becho (Ilu Aba Bora),0.0061171196871827255
6.976533553948637,36.56250000000001,Bilo Nopha,0.00013050833416280842
6.976533553948637,36.56250000000001,Hurumu,0.004406354841304058
6.976533553948637,36.56250000000001,Didu,0.006381858037900981
6.976533553948637,36.56250000000001,Halu /Huka,0.0039372071063392515
6.976533553948637,36.56250000000001,Metu town,0.0006214862642604848
6.976533553948637,36.56250000000001,Limu Seka,0.007077025327960972
6.976533553948637,36.56250000000001,Limu Kosa,0.01374634927044582
6.976533553948637,36.56250000000001,Sekoru,0.009653327665030905
6.976533553948637,36.56250000000001,Tiro Afeta,0.007771361106953202
6.976533553948637,36.56250000000001,Kersa (Jimma),0.01013368958204091
6.976533553948637,36.56250000000001,Mena (Jimma),0.005163936250927618
6.976533553948637,36.56250000000001,Goma,0.00878715129089775
6.976533553948637,36.56250000000001,Gera,0.014648335031465894
6.976533553948637,36.56250000000001,Seka Chekorsa,0.00860568369399207
6.976533553948637,36.56250000000001,Dedo,0.008190823697397888
6.976533553948637,36.56250000000001,Omo Nada,0.008158877611531131
6.976533553948637,36.56250000000001,Sigmo,0.010395921297873992
6.976533553948637,36.56250000000001,Setema,0.010785502851770773
6.976533553948637,36.56250000000001,Shebe Sambo,0.008484379729421723
6.976533553948637,36.56250000000001,Chora (Jimma),0.005124156109349849
6.976533553948637,36.56250000000001,Gumay,0.004257700699626281
6.976533553948637,36.56250000000001,Agaro town,0.00032249428854611863
6.976533553948637,36.56250000000001,Jimma town,0.0009563978235424046
6.976533553948637,36.56250000000001,Mancho,0.007905090953878653
6.976533553948637,36.56250000000001,Omo Beyam,0.008346317829785631
6.976533553948637,36.56250000000001,Botor Tolay,0.007542806466550794
6.976533553948637,36.56250000000001,Nono,0.00024680861093659087
6.976533553948637,36.56250000000001,Ameya,5.885653181046704e-05
6.976533553948637,36.56250000000001,Goro (SW Shewa),0.0008706584431233822
6.976533553948637,36.56250000000001,Abaya,0.007438616931727396
6.976533553948637,36.56250000000001,Gelana (West Guji),0.004289872398538184
6.976533553948637,36.56250000000001,Suro Berguda,0.0002513468585671107
6.976533553948637,36.56250000000001,Chora (Buno Bedele),0.003640738182966046
6.976533553948637,36.56250000000001,Gechi,0.003543560598161494
6.976533553948637,36.56250000000001,Borecha,0.005948961532684081
6.976533553948637,36.56250000000001,Dedesa,0.008793434300780265
6.976533553948637,36.56250000000001,Bedele Zuria,0.0010077314573894616
6.976533553948637,36.56250000000001,Kebena Special,0.0017969188089428708
6.976533553948637,36.56250000000001,Abeshege,0.004870943964476518
6.976533553948637,36.56250000000001,Ezha,0.0008284574660068704
6.976533553948637,36.56250000000001,Endiguagn,0.0015795731185112322
6.976533553948637,36.56250000000001,Cheha,0.005146060823583463
6.976533553948637,36.56250000000001,Enemor Ener,0.006002352906585079
6.976533553948637,36.56250000000001,Muhur Na Aklil,0.000618781496079532
6.976533553948637,36.56250000000001,Geta,0.0012307179702270854
6.976533553948637,36.56250000000001,Welkite town,0.00010770531965081442
6.976533553948637,36.56250000000001,Emdebir town,7.632343075457661e-05
6.976533553948637,36.56250000000001,Enor Ener,0.0034924648927543663
6.976533553948637,36.56250000000001,Misha,0.0018278457638420556
6.976533553948637,36.56250000000001,Gombora,0.004830230668649346
6.976533553948637,36.56250000000001,Lemmo,0.0036958902309182588
6.976533553948637,36.56250000000001,Shashogo,0.0005106785915042474
6.976533553948637,36.56250000000001,Misrak Badawacho,0.0007344275103704806
6.976533553948637,36.56250000000001,Soro,0.005211664521190324
6.976533553948637,36.56250000000001,Duna,0.0023219379072211116
6.976533553948637,36.56250000000001,Analemmo,0.0008124995807734896
6.976533553948637,36.56250000000001,Mirab Badowach,0.0015698913768034323
6.976533553948637,36.56250000000001,Gibe,0.004678256907802027
6.976533553948637,36.56250000000001,Hosaena town,0.0004226292944835832
6.976533553948637,36.56250000000001,Shone town,8.361326476098477e-05
6.976533553948637,36.56250000000001,Gimbichu town,2.3804595244339358e-05
6.976533553948637,36.56250000000001,Jajura town,3.428339890018246e-05
6.976533553948637,36.56250000000001,Ameka,0.0019644255739349093
6.976533553948637,36.56250000000001,Mirab Soro,0.00235998527492145
6.976533553948637,36.56250000000001,Angacha,0.0015979552803049577
6.976533553948637,36.56250000000001,Kediada Gambela,0.0010150906788701332
6.976533553948637,36.56250000000001,Kacha Bira,0.0019122638299004274
6.976533553948637,36.56250000000001,Hadero Tunto,0.001832953994614199
6.976533553948637,36.56250000000001,Doyogena,0.0013630663222343696
6.976533553948637,36.56250000000001,Damboya,0.0010549840017366186
6.976533553948637,36.56250000000001,Durame town,0.00014175902791613553
6.976533553948637,36.56250000000001,Adilo,0.00022301746513213544
6.976533553948637,36.56250000000001,Shinshincho town,6.21007336422393e-05
6.976533553948637,36.56250000000001,Hadero town,0.0001527939259183202
6.976533553948637,36.56250000000001,Mierab Azenet Berbere,0.0014274934965000535
6.976533553948637,36.56250000000001,Misrak Azenet Berbere,4.263980711467339e-05
6.976533553948637,36.56250000000001,Saja town,5.607444285713399e-05
6.976533553948637,36.56250000000001,Fofa,3.6056791391607054e-05
6.976533553948637,36.56250000000001,Deri Saja zuria,0.0009101709663350041
6.976533553948637,36.56250000000001,Toba,0.00697955304551894
6.976533553948637,36.56250000000001,Tembaro Special,0.0035434248985624405
6.976533553948637,36.56250000000001,Boloso Sore,0.0030063498714211403
6.976533553948637,36.56250000000001,Damot Gale,0.002283202830989555
6.976533553948637,36.56250000000001,Damot Woide,0.0016723704174437975
6.976533553948637,36.56250000000001,Humbo,0.0033688312281740995
6.976533553948637,36.56250000000001,Sodo Zuria,0.003818157998604719
6.976533553948637,36.56250000000001,Kindo Koyesha,0.005242343137443547
6.976533553948637,36.56250000000001,Ofa,0.003235598105833692
6.976533553948637,36.56250000000001,Boloso Bombe,0.0028394695973288767
6.976533553948637,36.56250000000001,Damot Sore,0.001838091536026012
6.976533553948637,36.56250000000001,Kindo Daddaye,0.002831434161753126
6.976533553948637,36.56250000000001,Damot Pullasa,0.001721607285035238
6.976533553948637,36.56250000000001,Sodo town,0.00026710389398421124
6.976533553948637,36.56250000000001,Areka town,0.00015507162053380157
6.976533553948637,36.56250000000001,Boditi town,0.00014269341132928798
6.976533553948637,36.56250000000001,Tebela town,3.572916134134728e-05
6.976533553948637,36.56250000000001,Gesuba town,6.536042237975912e-05
6.976533553948637,36.56250000000001,Gununo Hamus town,4.8561916827078197e-05
6.976533553948637,36.56250000000001,Hobicha Abaya,0.002855067533977529
6.976533553948637,36.56250000000001,Kawo Koyesha,0.0017030587910829434
6.976533553948637,36.56250000000001,Abela Abaya,0.0021346982399133353
6.976533553948637,36.56250000000001,Bayera Koyesha,0.0006432943870790714
6.976533553948637,36.56250000000001,Bale Awassa town,0.00014564729480442075
6.976533553948637,36.56250000000001,Arba Minch town,0.00034728751441760096
6.976533553948637,36.56250000000001,Arba Minch Zuria,0.015505717508459357
6.976533553948637,36.56250000000001,Birbir town,3.4333149981212404e-05
6.976533553948637,36.56250000000001,Bonke,0.001313687215596715
6.976533553948637,36.56250000000001,Boreda,0.004835801630668532
6.976533553948637,36.56250000000001,Chencha town,5.074199072753866e-05
6.976533553948637,36.56250000000001,Chencha Zuriya,0.0030215482169266236
6.976533553948637,36.56250000000001,Daramalo,0.0037686733883286064
6.976533553948637,36.56250000000001,Dita,0.0029494165163205213
6.976533553948637,36.56250000000001,Gacho Baba,0.0027196294060661407
6.976533553948637,36.56250000000001,Garda Marta,0.005048469219786181
6.976533553948637,36.56250000000001,Geressie,0.006897290167421406
6.976533553948637,36.56250000000001,Geressie town,3.2689190780111766e-05
6.976533553948637,36.56250000000001,Kemba town,2.5111695656027826e-05
6.976533553948637,36.56250000000001,Kemba Zuria,0.00701121409872646
6.976533553948637,36.56250000000001,Kogota /Ezo,0.000817307403017276
6.976533553948637,36.56250000000001,Kucha,0.010282726311396432
6.976533553948637,36.56250000000001,Kucha Alpha,0.004180381946631797
6.976533553948637,36.56250000000001,Mirab Abaya,0.00831029710624305
6.976533553948637,36.56250000000001,Selamber town,3.5702839440375905e-05
6.976533553948637,36.56250000000001,Beto town,2.2138939720489053e-05
6.976533553948637,36.56250000000001,Buleqi town,7.741899173746099e-05
6.976533553948637,36.56250000000001,Denba Gofa,0.008282736164505963
6.976533553948637,36.56250000000001,Gezei Gofa,0.005401899885091863
6.976533553948637,36.56250000000001,Laha town,1.4866123601040308e-05
6.976533553948637,36.56250000000001,Melekoza,0.009806100518957058
6.976533553948637,36.56250000000001,Melo Gada,0.006337071050260482
6.976533553948637,36.56250000000001,O'yida,0.001819179389453736
6.976533553948637,36.56250000000001,Sawla town,0.000174186034592425
6.976533553948637,36.56250000000001,Uba Debre Tsehay,0.007824129880209826
6.976533553948637,36.56250000000001,Zala,0.007603009039961651
6.976533553948637,36.56250000000001,Basketo Special,0.004243751167680595
6.976533553948637,36.56250000000001,Laska town,3.2159977122865864e-05
6.976533553948637,36.56250000000001,Baka Dawula,0.002567906376512883
6.976533553948637,36.56250000000001,Gelila town,1.6571763493133635e-05
6.976533553948637,36.56250000000001,Jinka town,9.243494892275552e-05
6.976533553948637,36.56250000000001,North Ari,0.0029084612955860767
6.976533553948637,36.56250000000001,South Ari,0.017041522302456806
6.976533553948637,36.56250000000001,Wub Ari,0.0015405586494989176
6.976533553948637,36.56250000000001,Alle Special,0.0036632416335605077
6.976533553948637,36.56250000000001,Derashe,0.006029529060805184
6.976533553948637,36.56250000000001,Gidole town,6.35154781521561e-05
6.976533553948637,36.56250000000001,Amaro,0.014710382141397806
6.976533553948637,36.56250000000001,Kele town,1.7069829152418368e-05
6.976533553948637,36.56250000000001,Segen Zuria,0.00032251340720576885
6.976533553948637,36.56250000000001,Burji,0.0034086844135547763
6.976533553948637,36.56250000000001,Bena Tsemay,0.007318054902273677
6.976533553948637,36.56250000000001,Malie,0.013645904440008239
6.976533553948637,36.56250000000001,Nyngatom,0.0019156551713533372
6.976533553948637,36.56250000000001,Salamago,0.04065041789891023
6.976533553948637,36.56250000000001,Anderacha,0.007891947514488533
6.976533553948637,36.56250000000001,Masha,0.010277895211776586
6.976533553948637,36.56250000000001,Yeki,0.005865948272998927
6.976533553948637,36.56250000000001,Tepi,0.00014302376204018032
6.976533553948637,36.56250000000001,Masha town,1.0475924523466363e-05
6.976533553948637,36.56250000000001,Saylem,0.00816148750004483
6.976533553948637,36.56250000000001,Gesha,0.007571858149081499
6.976533553948637,36.56250000000001,Gewata,0.009954462956612403
6.976533553948637,36.56250000000001,Gimbo,0.008142870940357629
6.976533553948637,36.56250000000001,Adiyio,0.010549777419595795
6.976533553948637,36.56250000000001,Tullo,0.005024994194412073
6.976533553948637,36.56250000000001,Cheta,0.007142415281618461
6.976533553948637,36.56250000000001,Decha,0.0109168489513328
6.976533553948637,36.56250000000001,Chena,0.004505956820958848
6.976533553948637,36.56250000000001,Bita,0.011339643742782431
6.976533553948637,36.56250000000001,Bonga town,0.00014263673871015692
6.976533553948637,36.56250000000001,Goba (SW),0.019579828193519715
6.976533553948637,36.56250000000001,Shisho Ande,0.005733396988368489
6.976533553948637,36.56250000000001,Wacha town,6.642614708115428e-05
6.976533553948637,36.56250000000001,Deka town,2.7482423436711515e-05
6.976533553948637,36.56250000000001,Awurada town,0.00029087137041137296
6.976533553948637,36.56250000000001,Shishinda town,0.0007124967376251541
6.976533553948637,36.56250000000001,Sheko,0.004889937156939843
6.976533553948637,36.56250000000001,Gurafereda,0.015409882576378547
6.976533553948637,36.56250000000001,Debub Bench,0.006499162765856306
6.976533553948637,36.56250000000001,Shay Bench,0.005771464383077307
6.976533553948637,36.56250000000001,Semen Bench,0.0028096074885215023
6.976533553948637,36.56250000000001,Gidi Bench,0.0012743766906306723
6.976533553948637,36.56250000000001,Mizan Aman town,0.00025418150789245815
6.976533553948637,36.56250000000001,Size town,6.732470751282476e-05
6.976533553948637,36.56250000000001,Biftu town,0.00013502071440414334
6.976533553948637,36.56250000000001,Sheko town,0.00021148187991677962
6.976533553948637,36.56250000000001,Tocha,0.00551905070018778
6.976533553948637,36.56250000000001,Mareka,0.0019039181983662693
6.976533553948637,36.56250000000001,Loma,0.00442401339591628
6.976533553948637,36.56250000000001,Gena,0.0041346794461173285
6.976533553948637,36.56250000000001,Esara,0.011231497556135665
6.976533553948637,36.56250000000001,Kachi,0.0022496596282787513
6.976533553948637,36.56250000000001,Tercha Zuriya,0.001023441946778578
6.976533553948637,36.56250000000001,Mari Mansa,0.0018911529653504596
6.976533553948637,36.56250000000001,Disa,0.007772161498166222
6.976533553948637,36.56250000000001,Zabagazo,0.005349406199247734
6.976533553948637,36.56250000000001,Tercha town,5.284345055316584e-05
6.976533553948637,36.56250000000001,Gesa town,1.3726172160646122e-05
6.976533553948637,36.56250000000001,Gachit,0.005433849147785585
6.976533553948637,36.56250000000001,Menit Goldiye,0.011587568509275137
6.976533553948637,36.56250000000001,Gori Gesha,0.01376916690296617
6.976533553948637,36.56250000000001,Menit Shasha,0.01651654752998791
6.976533553948637,36.56250000000001,Bero,0.0056715199251620415
6.976533553948637,36.56250000000001,Surma,0.02942826249952562
6.976533553948637,36.56250000000001,Maji,0.04258344678377496
6.976533553948637,36.56250000000001,Bachuma town,0.0005262048185104501
6.976533553948637,36.56250000000001,Jemu town,0.00016752846700031064
6.976533553948637,36.56250000000001,Maji Tum town,0.001219254298399596
6.976533553948637,36.56250000000001,Konta Koysha,0.012435051699748376
6.976533553948637,36.56250000000001,Chida town,0.0005404225633390607
6.976533553948637,36.56250000000001,Amaya town,0.0006470144370565035
6.976533553948637,36.56250000000001,Elahanchano,0.0021066096157687435
6.976533553948637,36.56250000000001,Ameya Zuria,0.008803961707867007
6.976533553948637,36.56250000000001,Dima (GM),0.001411737599887143
6.976533553948637,36.56250000000001,Godere,0.005562248922625973
6.976533553948637,36.56250000000001,Mengesh,0.003985091501932575
6.976533553948637,39.375,Adama,0.0017479311434871504
6.976533553948637,39.375,Dugda,0.010305299887856563
6.976533553948637,39.375,Adama Tulu Jido Kombolcha,0.01358170360527751
6.976533553948637,39.375,Bora (OR),0.004159901848081682
6.976533553948637,39.375,Adama town,7.631997985692436e-05
6.976533553948637,39.375,Batu town,0.002264634990638511
6.976533553948637,39.375,Merti,0.000798412681436571
6.976533553948637,39.375,Golocha,0.01125717745892189
6.976533553948637,39.375,Jeju,0.004564238451301635
6.976533553948637,39.375,Dodota,0.004772542273988841
6.976533553948637,39.375,Ziway Dugda,0.010576549239903843
6.976533553948637,39.375,Hitosa,0.007220047113521974
6.976533553948637,39.375,Sude,0.012207155242263776
6.976533553948637,39.375,Chole,0.006116422692758793
6.976533553948637,39.375,Amigna,0.013458719675010661
6.976533553948637,39.375,Seru,0.018418936619334303
6.976533553948637,39.375,Robe,0.013985684140147843
6.976533553948637,39.375,Tena,0.004687244661134893
6.976533553948637,39.375,Shirka,0.012188465844962477
6.976533553948637,39.375,Degeluna Tijo,0.009668160818674897
6.976533553948637,39.375,Tiyo,0.006320705080478561
6.976533553948637,39.375,Munessa,0.011308432526260107
6.976533553948637,39.375,Limu Bilbilo,0.012006487986025783
6.976533553948637,39.375,Guna,0.003368405700842223
6.976533553948637,39.375,Sire,0.004223106524117268
6.976533553948637,39.375,Lude Hitosa,0.005662506131550049
6.976533553948637,39.375,Diksis,0.00416855183313871
6.976533553948637,39.375,Bele Gesgar,0.006667555949126361
6.976533553948637,39.375,Inkolo Wabe,0.003319569317291495
6.976533553948637,39.375,Asela town,0.00017754532785293445
6.976533553948637,39.375,Shanan Kolu,0.002266733897661465
6.976533553948637,39.375,Bokoji town,0.00036235363465609893
6.976533553948637,39.375,Dera town,0.00031400928560018225
6.976533553948637,39.375,Daro Lebu,0.002516389271515922
6.976533553948637,39.375,Hawi Gudina,0.020950426129427113
6.976533553948637,39.375,Burqua Dhintu,1.2398627282641314e-05
6.976533553948637,39.375,Agarfa,0.012755213151169922
6.976533553948637,39.375,Gasera,0.01178507911242943
6.976533553948637,39.375,Sinana,0.010776489948976222
6.976533553948637,39.375,Goba (OR),0.015309402415436523
6.976533553948637,39.375,Harena Buluk,0.02004658313352698
6.976533553948637,39.375,Mena (Bale),0.05092780652311972
6.976533553948637,39.375,Berbere,0.016351459321493077
6.976533553948637,39.375,Gura Damole,0.04699034901661803
6.976533553948637,39.375,Goro (Bale),0.01579568700738446
6.976533553948637,39.375,Robe town,0.0005729414336462802
6.976533553948637,39.375,Goba town,0.000446302414022559
6.976533553948637,39.375,Dinsho,0.006779482255136952
6.976533553948637,39.375,Kersana Malima,0.00011284830247045768
6.976533553948637,39.375,Seden Sodo,0.001510131282559814
6.976533553948637,39.375,Goro (SW Shewa),3.996904067734175e-05
6.976533553948637,39.375,Sodo Daci,3.966066640899625e-05
6.976533553948637,39.375,Uraga,0.006376276554695711
6.976533553948637,39.375,Bore,0.004721421993318268
6.976533553948637,39.375,Adola,0.01262441005309587
6.976533553948637,39.375,Wadera,0.009918445681849129
6.976533553948637,39.375,Odo Shakiso,0.012960336885292982
6.976533553948637,39.375,Dama,0.0037181136176303673
6.976533553948637,39.375,Arda Jila,0.0030669371033917787
6.976533553948637,39.375,Girja /Harenfema,0.009413790703491128
6.976533553948637,39.375,Ana Sora,0.004860179191121941
6.976533553948637,39.375,Saba Boru,0.00396081433740938
6.976533553948637,39.375,Aga Wayu,0.0011647955186617884
6.976533553948637,39.375,Haro Walabu,0.002698054183966634
6.976533553948637,39.375,Adola town,0.00028500297156090255
6.976533553948637,39.375,Shakiso town,0.00016227211354989034
6.976533553948637,39.375,Bule Hora,0.0065024531933147575
6.976533553948637,39.375,Kercha,0.005742628467475631
6.976533553948637,39.375,Kercha town,8.740828578129513e-05
6.976533553948637,39.375,Hambela Wamena,0.0062775093150952725
6.976533553948637,39.375,Abaya,0.01167065313471172
6.976533553948637,39.375,Dugda Dawa,0.00011082013747231333
6.976533553948637,39.375,Gelana (West Guji),0.00830111866326578
6.976533553948637,39.375,Melka Soda,0.001733444633753413
6.976533553948637,39.375,Bule Hora town,0.0005026830573963112
6.976533553948637,39.375,Suro Berguda,0.003506593516756219
6.976533553948637,39.375,Birbirsa Kojowa,0.0021296288366571417
6.976533553948637,39.375,Dodola town,8.599623421146712e-05
6.976533553948637,39.375,Siraro,0.006584836785223618
6.976533553948637,39.375,Shala,0.008033533081663026
6.976533553948637,39.375,Arsi Negele,0.01322425697304066
6.976533553948637,39.375,Kofele,0.006771750856526318
6.976533553948637,39.375,Kore,0.005238916065623488
6.976533553948637,39.375,Gedeb Asasa,0.011978766538493304
6.976533553948637,39.375,Dodola,0.01718554951390148
6.976533553948637,39.375,Kokosa,0.006599831886682193
6.976533553948637,39.375,Nenesebo,0.01707096470951559
6.976533553948637,39.375,Adaba,0.022559109379430235
6.976533553948637,39.375,Shashemene town,0.004936350414658415
6.976533553948637,39.375,Shashemene,0.003963319583802838
6.976533553948637,39.375,Kofele town,0.00022243560109275312
6.976533553948637,39.375,Heban Arsi,0.005763358359843821
6.976533553948637,39.375,Wondo,0.00041471774372866437
6.976533553948637,39.375,Arsi Negele town,0.0005336541300082406
6.976533553948637,39.375,Gololcha Bale,0.020341188816711066
6.976533553948637,39.375,Lege Hida,0.000872405470251758
6.976533553948637,39.375,Ginir,0.01523635864958826
6.976533553948637,39.375,Seweyna,0.00024909079351315345
6.976533553948637,39.375,Dawe Ketchen,0.005844663907146129
6.976533553948637,39.375,Ginir town,0.00036328181575907094
6.976533553948637,39.375,Meda Welabu,0.05410991807026771
6.976533553948637,39.375,West Welabu,0.015432277276398922
6.976533553948637,39.375,Gora Dola,0.008472607187693961
6.976533553948637,39.375,Filtu,0.00010531820775663873
6.976533553948637,39.375,Kebena Special,0.0005813375671362568
6.976533553948637,39.375,Ezha,0.002669442554322775
6.976533553948637,39.375,Gedebano Gutazer Welene,0.004215919821150212
6.976533553948637,39.375,Gumer,0.0024357256544368243
6.976533553948637,39.375,Cheha,0.0007063533087588286
6.976533553948637,39.375,Muhur Na Aklil,0.004328504258561112
6.976533553948637,39.375,Geta,0.0008613722610659153
6.976533553948637,39.375,Shashogo,0.0032032387253695203
6.976533553948637,39.375,Misrak Badawacho,0.0017603189315548245
6.976533553948637,39.375,Analemmo,0.0015289579062535187
6.976533553948637,39.375,Siraro Badawacho,0.0005259020401552956
6.976533553948637,39.375,Damboya,0.0006479152672624986
6.976533553948637,39.375,Adilo,0.000603223359613302
6.976533553948637,39.375,Butajira town,0.00016868499185821709
6.976533553948637,39.375,Bui town,3.67362867625002e-05
6.976533553948637,39.375,Sodo,0.004133936139423509
6.976533553948637,39.375,Meskan,0.003460828735503053
6.976533553948637,39.375,Misrak Meskan,0.0011322578173351265
6.976533553948637,39.375,Debub Sodo,0.002898842935976583
6.976533553948637,39.375,Kulito town,0.00010267559586772725
6.976533553948637,39.375,Wera,0.0033236881548461177
6.976533553948637,39.375,Atote Ulo,0.0015444449588120199
6.976533553948637,39.375,Wera Djo,0.005230502997014566
6.976533553948637,39.375,Alicho Woriro,0.002744786620853511
6.976533553948637,39.375,Siltie,0.0035226192607070044
6.976533553948637,39.375,Lanfero,0.002397693925849456
6.976533553948637,39.375,Mierab Azenet Berbere,0.0001722506949488647
6.976533553948637,39.375,Dalocha,0.003146613222956455
6.976533553948637,39.375,Sankura,0.002893536507125159
6.976533553948637,39.375,Misrak Azenet Berbere,0.0017119328690177714
6.976533553948637,39.375,Wulbareg,0.004156459110694088
6.976533553948637,39.375,Tora town,0.0002660749875709447
6.976533553948637,39.375,Worabe town,0.0013190482863847568
6.976533553948637,39.375,Kibet town,0.0005031851146189125
6.976533553948637,39.375,Mito,0.002149826786087493
6.976533553948637,39.375,Misrak Siltie,0.001193389086198143
6.976533553948637,39.375,Mareko Special,0.0031397130528313982
6.976533553948637,39.375,Damot Gale,0.00023962013325303964
6.976533553948637,39.375,Damot Woide,0.0005769304873059286
6.976533553948637,39.375,Duguna Fango,0.004372520869657497
6.976533553948637,39.375,Hobicha Abaya,0.0017947777106753758
6.976533553948637,39.375,Amaro,0.0021784392540092276
6.976533553948637,39.375,Wenago,0.0014185505692035783
6.976533553948637,39.375,Yirgachefe,0.0025553220014853813
6.976533553948637,39.375,Kochere,0.0016014048255942773
6.976533553948637,39.375,Bule,0.001315133466095554
6.976533553948637,39.375,Dila Zuria,0.001302312651486949
6.976533553948637,39.375,Gedeb,0.0019766206914547356
6.976533553948637,39.375,Rape,0.0017416516606267398
6.976533553948637,39.375,Churso,0.001858558207066548
6.976533553948637,39.375,Dila town,0.00014834536317806727
6.976533553948637,39.375,Gedeb town,0.00019130673717856792
6.976533553948637,39.375,Yirgachefe town,2.2962784961541037e-05
6.976533553948637,39.375,Chelelektu town,1.66327658125206e-05
6.976533553948637,39.375,Wonago town,2.2186578930468642e-05
6.976533553948637,39.375,Hawassa town,0.0021649681892657157
6.976533553948637,39.375,Wondo-Genet,0.002138195961474293
6.976533553948637,39.375,Malga,0.0018678065563517362
6.976533553948637,39.375,Gorche,0.0017684942317878571
6.976533553948637,39.375,Hawela,0.0009833950849015662
6.976533553948637,39.375,Leku town,2.8068557016950488e-05
6.976533553948637,39.375,Shebe Dino,0.0017264854378906131
6.976533553948637,39.375,Boricha,0.0011535335992648864
6.976533553948637,39.375,Bilate Zuria,0.0028339593064737765
6.976533553948637,39.375,Hawassa Zuria,0.003536222614023415
6.976533553948637,39.375,Arbegona,0.002366408595079253
6.976533553948637,39.375,Shafamo,0.0012084764416776946
6.976533553948637,39.375,Wonosho,0.001498744997848555
6.976533553948637,39.375,Yirgalem town,0.00014249114783086616
6.976533553948637,39.375,Dale,0.002996833335940236
6.976533553948637,39.375,Darara,0.0028738812359656273
6.976533553948637,39.375,Loka Abaya,0.008835560603621664
6.976533553948637,39.375,Bursa,0.0016632505371440142
6.976533553948637,39.375,Teticha,0.001326308984288295
6.976533553948637,39.375,Aleta Wendo,0.00205661537907278
6.976533553948637,39.375,Aleta Wondo town,5.467088049321317e-05
6.976533553948637,39.375,Aleta Chuko,0.003009250391381641
6.976533553948637,39.375,Chuko town,2.0580798695867584e-05
6.976533553948637,39.375,Dara,0.0015410749426741856
6.976533553948637,39.375,Dara Otilicho,0.001196711009926405
6.976533553948637,39.375,Hulla,0.0016848326202917464
6.976533553948637,39.375,Chirone,0.0007541104353708354
6.976533553948637,39.375,Bura,0.0010645602769655948
6.976533553948637,39.375,Bona Zuria,0.0020913502654192075
6.976533553948637,39.375,Bensa,0.003497963473785179
6.976533553948637,39.375,Daye town,2.6762225985650354e-05
6.976533553948637,39.375,Daella,0.0016082568646074115
6.976533553948637,39.375,Chire,0.0017189739476090584
6.976533553948637,39.375,Aroresa,0.00423878059778088
6.976533553948637,39.375,Hokko,0.003644391135351365
6.976533553948637,39.375,Chabe Gambeltu,0.0012812974229617431
6.976533553948637,42.18749999999999,Hawi Gudina,0.010928067739108357
6.976533553948637,42.18749999999999,Burqua Dhintu,0.017671819707258674
6.976533553948637,42.18749999999999,Babile (OR),0.004423125922241793
6.976533553948637,42.18749999999999,Golo Oda,0.0012043154433154552
6.976533553948637,42.18749999999999,Meyu Muleke,0.008482936951786047
6.976533553948637,42.18749999999999,Kumbi,0.02801425298468807
6.976533553948637,42.18749999999999,Gura Damole,0.006513014449217212
6.976533553948637,42.18749999999999,Gololcha Bale,0.0027238125493561196
6.976533553948637,42.18749999999999,Lege Hida,0.049028020333530396
6.976533553948637,42.18749999999999,Ginir,0.009191060405287988
6.976533553948637,42.18749999999999,Rayitu,0.05402349253866773
6.976533553948637,42.18749999999999,Seweyna,0.09422223327048726
6.976533553948637,42.18749999999999,Dawe Ketchen,0.011759556790895282
6.976533553948637,42.18749999999999,Meda Welabu,0.0021945810717619208
6.976533553948637,42.18749999999999,Goljano,0.0038594821904565117
6.976533553948637,42.18749999999999,Degehamedo,0.03492723137707448
6.976533553948637,42.18749999999999,Degehabur,0.015981188115196162
6.976533553948637,42.18749999999999,Bilcil-Bur,0.006280003862298411
6.976533553948637,42.18749999999999,Degahabur town,0.0019145673503562209
6.976533553948637,42.18749999999999,Burqod,0.0117942077685813
6.976533553948637,42.18749999999999,Fik,0.028164849565349728
6.976533553948637,42.18749999999999,Salahad,0.0015513375728348892
6.976533553948637,42.18749999999999,Hamero,0.023819595045327477
6.976533553948637,42.18749999999999,Lagahida,0.005875476236038767
6.976533553948637,42.18749999999999,Meyumuluka,0.006897874345498847
6.976533553948637,42.18749999999999,Qubi,0.005879130997896607
6.976533553948637,42.18749999999999,Yahob,0.0178219033780771
6.976533553948637,42.18749999999999,Wangey,0.005122677545170574
6.976533553948637,42.18749999999999,East Imi,0.031180254834209324
6.976533553948637,42.18749999999999,Adadle,0.031058370817734857
6.976533553948637,42.18749999999999,Danan,0.016855077648490188
6.976533553948637,42.18749999999999,Gode,0.0068464698793597855
6.976533553948637,42.18749999999999,Berocano,0.026771705437368416
6.976533553948637,42.18749999999999,Godey town,0.0007195089064455063
6.976533553948637,42.18749999999999,Aba-Korow,0.02253092949046438
6.976533553948637,42.18749999999999,Charati,0.016055409016042785
6.976533553948637,42.18749999999999,Elkare /Serer,0.06986714562789129
6.976533553948637,42.18749999999999,West Imi,0.040940125750338396
6.976533553948637,42.18749999999999,Hargele,0.015264327871604045
6.976533553948637,42.18749999999999,Raso,0.003097958616395082
6.976533553948637,42.18749999999999,Kohle /Qoxle,0.00380262415814022
6.976533553948637,42.18749999999999,Filtu,0.004102934671375235
6.976533553948637,42.18749999999999,Goro Baqaqsa,0.0482341803271003
6.976533553948637,42.18749999999999,Guradamole,0.029425026399155462
6.976533553948637,42.18749999999999,Ayun,0.020251019305428337
6.976533553948637,42.18749999999999,Elwayne,0.02239960058128421
6.976533553948637,42.18749999999999,Garbo,0.036180639426089796
6.976533553948637,42.18749999999999,Sagag,0.026632208477320674
6.976533553948637,42.18749999999999,Dihun,0.02362394170846651
6.976533553948637,42.18749999999999,Horshagah,0.019152944639977524
6.976533553948637,42.18749999999999,Hararey,0.01473679345873369
6.976533553948637,45.0,Degehabur,0.017547121557762863
6.976533553948637,45.0,Aware,0.02699293473030591
6.976533553948637,45.0,Gashamo,0.09458576230464712
6.976533553948637,45.0,Gunagado,0.025443590126794303
6.976533553948637,45.0,Degahabur town,0.000618347395776163
6.976533553948637,45.0,Yocale,0.0051828192328643
6.976533553948637,45.0,Daror,0.02881150368140293
6.976533553948637,45.0,Burqod,0.015639612254134964
6.976533553948637,45.0,Dig,0.016940026700888896
6.976533553948637,45.0,Shaygosh,0.018069016651886875
6.976533553948637,45.0,Kebridehar,0.02441128391315356
6.976533553948637,45.0,Shilabo,0.1071021861749896
6.976533553948637,45.0,Debeweyin,0.023228214757677418
6.976533553948637,45.0,Marsin,0.03490455380262915
6.976533553948637,45.0,Kebridehar town,0.0012012374393558433
6.976533553948637,45.0,Goglo,0.02457723402684524
6.976533553948637,45.0,Lasdhankayre,0.01616571915636896
6.976533553948637,45.0,Higloley,0.023401085732792794
6.976533553948637,45.0,El-Ogaden,0.017077381417005107
6.976533553948637,45.0,Bodaley,0.03375302798266222
6.976533553948637,45.0,Adadle,0.008704615739924195
6.976533553948637,45.0,Danan,0.005572078373214132
6.976533553948637,45.0,Gode,0.014787548925447782
6.976533553948637,45.0,Kelafo,0.011899441496857613
6.976533553948637,45.0,Godey town,9.397280146821364e-05
6.976533553948637,45.0,Elale,0.028418817312808285
6.976533553948637,45.0,Danod,0.07566198843890135
6.976533553948637,45.0,Bokh,0.0160977352898293
6.976533553948637,45.0,Galadi,0.07118445302352124
6.976533553948637,45.0,Warder,0.11319167984735637
6.976533553948637,45.0,Daratole,0.012224011442078577
6.976533553948637,45.0,Lehel-Yucub,0.029826729706526202
6.976533553948637,45.0,Horshagah,0.004070369760473329
6.976533553948637,47.81250000000001,Danod,0.00013428190294439925
6.976533553948637,47.81250000000001,Bokh,0.06820580448947981
6.976533553948637,47.81250000000001,Galadi,0.036251865623343156
6.976533553948637,47.81250000000001,Galhamur,0.05605773283263621
9.76714555919557,33.75,Mana Sibu,0.015562309564520043
9.76714555919557,33.75,Kiltu Kara,1.884548225569861e-05
9.76714555919557,33.75,Ayira,0.00012555064800518905
9.76714555919557,33.75,Gudetu Kondole,0.013245068473521903
9.76714555919557,33.75,Babo,0.006790300666645046
9.76714555919557,33.75,Begi,0.009082264770924702
9.76714555919557,33.75,Guliso,0.0005292882920397502
9.76714555919557,33.75,Mendi town,0.0003584497067043644
9.76714555919557,33.75,Darimu,0.00039941556503177714
9.76714555919557,33.75,Bure (OR),0.002973198371762145
9.76714555919557,33.75,Hawa Galan,0.008042306204546542
9.76714555919557,33.75,Yama Logi Welel,0.005934126971056437
9.76714555919557,33.75,Dale Wabera,0.005329712958470981
9.76714555919557,33.75,Gawo Kebe,0.011946855924523308
9.76714555919557,33.75,Sayo,0.009089239387319254
9.76714555919557,33.75,Denbi Dollo town,0.00017528082752346538
9.76714555919557,33.75,Anfilo,0.016439390357985254
9.76714555919557,33.75,Dale Sadi,0.0009879594845673154
9.76714555919557,33.75,Gidami,0.022614023525283015
9.76714555919557,33.75,Jimma Horo,0.004380823199241018
9.76714555919557,33.75,Sedi Chenka,0.0031185842073224073
9.76714555919557,33.75,Guba,5.2581371901108844e-05
9.76714555919557,33.75,Wembera,1.7778198543371032e-05
9.76714555919557,33.75,Menge,0.011349754687470794
9.76714555919557,33.75,Kurmuk,0.01322647371373973
9.76714555919557,33.75,Abrahmo,0.021741441817264662
9.76714555919557,33.75,Sherkole,0.01958540424022395
9.76714555919557,33.75,Bambasi,0.015577103298957175
9.76714555919557,33.75,Bilidigilu,0.01144882396045816
9.76714555919557,33.75,Homosha,0.00741282499208487
9.76714555919557,33.75,Undulu,0.004858900294142378
9.76714555919557,33.75,Assosa town Admin,0.0001524825336447126
9.76714555919557,33.75,Bambasi town,4.942676820355454e-05
9.76714555919557,33.75,Ura,0.008792371432380203
9.76714555919557,33.75,Sedal,0.011051315936391812
9.76714555919557,33.75,Mao-komo Special,0.033363162459012705
9.76714555919557,33.75,Lare,0.0023295600047654177
9.76714555919557,33.75,Jikawo,0.002390255232616605
9.76714555919557,33.75,Wantawo,0.002865044830425174
9.76714555919557,33.75,Gambela Zuria,0.002198054274280819
9.76714555919557,33.75,Itang,0.009830193250302516
9.76714555919557,36.56250000000001,Bibugn,0.004212770190910064
9.76714555919557,36.56250000000001,Hulet Ej Enese,0.010940842267392194
9.76714555919557,36.56250000000001,Enarj Enawga,0.0002099005348666066
9.76714555919557,36.56250000000001,Debay Telatgen,0.002398178302389413
9.76714555919557,36.56250000000001,Debre Elias,0.012540529462481747
9.76714555919557,36.56250000000001,Michakel,0.007729546941333483
9.76714555919557,36.56250000000001,Guzamn,0.012381573572958757
9.76714555919557,36.56250000000001,Baso Liben,0.012036368799229397
9.76714555919557,36.56250000000001,Awabel,0.0022618111699593763
9.76714555919557,36.56250000000001,Debre Markos town,0.0006924562560868886
9.76714555919557,36.56250000000001,Senan,0.004594877253484209
9.76714555919557,36.56250000000001,Aneded,0.007162403710468561
9.76714555919557,36.56250000000001,Amanuel town,2.363635482731856e-05
9.76714555919557,36.56250000000001,Lumame town,1.6080933840777366e-05
9.76714555919557,36.56250000000001,Mota town,6.953427776713411e-05
9.76714555919557,36.56250000000001,Sekela,0.008072610679612884
9.76714555919557,36.56250000000001,Quarit,0.006355239123555532
9.76714555919557,36.56250000000001,Dega Damot,0.008758912105629417
9.76714555919557,36.56250000000001,Dembecha,0.010148521665719851
9.76714555919557,36.56250000000001,Jabi Tehnan,0.012604100211238499
9.76714555919557,36.56250000000001,Bure (AM),0.008427513796868466
9.76714555919557,36.56250000000001,Wemberma,0.014489510559028843
9.76714555919557,36.56250000000001,Finote Selam town,0.0004490432344663597
9.76714555919557,36.56250000000001,Shendi town,1.900072038833186e-05
9.76714555919557,36.56250000000001,Denbecha town,7.288212900416537e-05
9.76714555919557,36.56250000000001,Jiga town,3.590091424962763e-05
9.76714555919557,36.56250000000001,Bure town,0.0001310494352478059
9.76714555919557,36.56250000000001,Dangila,0.0016960134710860976
9.76714555919557,36.56250000000001,Banja,0.005057599562178408
9.76714555919557,36.56250000000001,Ankasha,0.005239141575114165
9.76714555919557,36.56250000000001,Guangua,0.024661503804387044
9.76714555919557,36.56250000000001,Fagta Lakoma,0.006580797227878753
9.76714555919557,36.56250000000001,Jawi,0.00021942117045853132
9.76714555919557,36.56250000000001,Guagusa Shikudad,0.003082067718820945
9.76714555919557,36.56250000000001,Ayehu Guwagusa,0.005664218089135058
9.76714555919557,36.56250000000001,Agew Gimija Bet town,8.654208302368234e-05
9.76714555919557,36.56250000000001,Adiss Kidame town,2.1630404642632618e-05
9.76714555919557,36.56250000000001,Tilili town,3.520306169629579e-05
9.76714555919557,36.56250000000001,Injibara town,0.0002939102306418373
9.76714555919557,36.56250000000001,Zigem town,2.9444864082249455e-05
9.76714555919557,36.56250000000001,Chagni town,0.0001825207476767686
9.76714555919557,36.56250000000001,Yilmana Densa,0.0014649389318791034
9.76714555919557,36.56250000000001,Debub Mecha,0.0010611799227004254
9.76714555919557,36.56250000000001,Gonje,0.0026718285869420004
9.76714555919557,36.56250000000001,Mana Sibu,0.003408033499880608
9.76714555919557,36.56250000000001,Nejo,0.006771220815015631
9.76714555919557,36.56250000000001,Gimbi,0.009459157819039258
9.76714555919557,36.56250000000001,Lalo Asabi,0.003967685304794682
9.76714555919557,36.56250000000001,Kiltu Kara,0.0043820507152678954
9.76714555919557,36.56250000000001,Boji Dirmeji,0.005230813503706007
9.76714555919557,36.56250000000001,Ayira,0.005263767713077771
9.76714555919557,36.56250000000001,Jarso (West Wellega),0.004926236906652606
9.76714555919557,36.56250000000001,Boji Chekorsa,0.003599277164098409
9.76714555919557,36.56250000000001,Babo,0.0026305429240835944
9.76714555919557,36.56250000000001,Yubdo,0.0032260030363436202
9.76714555919557,36.56250000000001,Gaji,0.0031662874641813932
9.76714555919557,36.56250000000001,Haru,0.004855500550440464
9.76714555919557,36.56250000000001,Nole Kaba,0.006610572970231544
9.76714555919557,36.56250000000001,Homa,0.000950010150586046
9.76714555919557,36.56250000000001,Sayo Nole,0.006421141159664038
9.76714555919557,36.56250000000001,Guliso,0.00552259571176925
9.76714555919557,36.56250000000001,Gimbi town,0.0005180619307536547
9.76714555919557,36.56250000000001,Leta Sibu,0.0030480425150507524
9.76714555919557,36.56250000000001,Nejo town,0.000282866946039593
9.76714555919557,36.56250000000001,Limu (OR),0.011559077731806661
9.76714555919557,36.56250000000001,Ibantu,0.008688851433357535
9.76714555919557,36.56250000000001,Gida Ayana,0.01685256292072701
9.76714555919557,36.56250000000001,Haro Limu,0.01230246405519686
9.76714555919557,36.56250000000001,Boneya Boshe,0.004966880284114936
9.76714555919557,36.56250000000001,Wayu Tuka,0.0041655737526819486
9.76714555919557,36.56250000000001,Bila Seyo,0.007026814287689944
9.76714555919557,36.56250000000001,Gobu Seyo,0.003576660524004241
9.76714555919557,36.56250000000001,Sibu Sire,0.01098026256322089
9.76714555919557,36.56250000000001,Diga,0.006058928693368535
9.76714555919557,36.56250000000001,Sasiga,0.008211414051841696
9.76714555919557,36.56250000000001,Leka Dulecha,0.006459148661894832
9.76714555919557,36.56250000000001,Guto Gida,0.009683195914666445
9.76714555919557,36.56250000000001,Jimma Arjo,0.008002052514904207
9.76714555919557,36.56250000000001,Nunu Kumba,0.0063277047373227315
9.76714555919557,36.56250000000001,Wama Hagalo,0.006498992022297889
9.76714555919557,36.56250000000001,Kiremu,0.01114044607763011
9.76714555919557,36.56250000000001,Nekemte town,0.0008582124331547742
9.76714555919557,36.56250000000001,Darimu,0.014014201361856354
9.76714555919557,36.56250000000001,Alge Sachi,0.009137187748987365
9.76714555919557,36.56250000000001,Yayu,0.00081274438002626
9.76714555919557,36.56250000000001,Metu Zuria,0.002816254508491037
9.76714555919557,36.56250000000001,Bure (OR),0.00093577531664746
9.76714555919557,36.56250000000001,Bilo Nopha,0.004009706652698239
9.76714555919557,36.56250000000001,Hurumu,0.00023342506808712895
9.76714555919557,36.56250000000001,Dorani,0.0044127960699645264
9.76714555919557,36.56250000000001,Limu Seka,0.01046573265434173
9.76714555919557,36.56250000000001,Chora (Jimma),0.003606332936518213
9.76714555919557,36.56250000000001,Botor Tolay,0.0024753119942373183
9.76714555919557,36.56250000000001,Nono Benja,0.008673718490608957
9.76714555919557,36.56250000000001,Illu Galan,0.004439856478222675
9.76714555919557,36.56250000000001,Ginde Beret,0.013509075549485645
9.76714555919557,36.56250000000001,Jeldu,0.0001685880809015175
9.76714555919557,36.56250000000001,Ambo Zuria,0.008210061526487525
9.76714555919557,36.56250000000001,Mida Kegn,0.009546083348742282
9.76714555919557,36.56250000000001,Cheliya,0.004078025502825422
9.76714555919557,36.56250000000001,Bako Tibe,0.006697421219563524
9.76714555919557,36.56250000000001,Dano,0.006908228667928592
9.76714555919557,36.56250000000001,Nono,0.007010017637323199
9.76714555919557,36.56250000000001,Tikur Enchini,0.004581627405034724
9.76714555919557,36.56250000000001,Dendi,0.00028034054683673504
9.76714555919557,36.56250000000001,Ambo town,0.0009153897569503738
9.76714555919557,36.56250000000001,Abuna Ginde Beret,0.005533703037691959
9.76714555919557,36.56250000000001,Toke Kutaye,0.005763068722044688
9.76714555919557,36.56250000000001,Jibat,0.005060368412936425
9.76714555919557,36.56250000000001,Ifata,0.00323708030952701
9.76714555919557,36.56250000000001,Cobi,0.005347499262958429
9.76714555919557,36.56250000000001,Liban Jawi,0.003328081716821969
9.76714555919557,36.56250000000001,Wara Jarso,0.00019020711794047045
9.76714555919557,36.56250000000001,Ameya,0.009891142478644617
9.76714555919557,36.56250000000001,Wenchi,0.004775358297127004
9.76714555919557,36.56250000000001,Waliso,0.0010894446983330456
9.76714555919557,36.56250000000001,Dawo,5.777794643443224e-05
9.76714555919557,36.56250000000001,Woliso town,7.086924446566065e-05
9.76714555919557,36.56250000000001,Goro (SW Shewa),0.003227316006912039
9.76714555919557,36.56250000000001,Chora (Buno Bedele),0.0049763141691240975
9.76714555919557,36.56250000000001,Dega,0.0036998745698765215
9.76714555919557,36.56250000000001,Dabo Hana,0.0078111396293264485
9.76714555919557,36.56250000000001,Gechi,0.0030801887450519466
9.76714555919557,36.56250000000001,Borecha,0.00177713991513331
9.76714555919557,36.56250000000001,Meko,0.005974076624870416
9.76714555919557,36.56250000000001,Bedele town,8.90401410686336e-05
9.76714555919557,36.56250000000001,Bedele Zuria,0.006776016927853861
9.76714555919557,36.56250000000001,Chwaka,0.006354563579621255
9.76714555919557,36.56250000000001,Hawa Galan,0.0002494804506375761
9.76714555919557,36.56250000000001,Dale Wabera,0.00021767632860183046
9.76714555919557,36.56250000000001,Dale Sadi,0.005056508476969981
9.76714555919557,36.56250000000001,Lalo Kile,0.004956751768870587
9.76714555919557,36.56250000000001,Horo,0.0037350680472824456
9.76714555919557,36.56250000000001,Shambu town,5.3843150807248734e-05
9.76714555919557,36.56250000000001,Guduru,0.00891874519477561
9.76714555919557,36.56250000000001,Ababo,0.006471341956936785
9.76714555919557,36.56250000000001,Abay Chomen,0.0031712574321516
9.76714555919557,36.56250000000001,Jimma Genete,0.0043075461683953695
9.76714555919557,36.56250000000001,Jimma Rare,0.0036075579912193223
9.76714555919557,36.56250000000001,Jarte Jardega,0.0080761473404313
9.76714555919557,36.56250000000001,Amuru,0.0132190076437697
9.76714555919557,36.56250000000001,Abe Dongoro,0.011496998908467714
9.76714555919557,36.56250000000001,Choman Guduru,0.004774512496415424
9.76714555919557,36.56250000000001,Horo Buluk,0.0046290656710489
9.76714555919557,36.56250000000001,Sulula Finca'a,0.013270108054862898
9.76714555919557,36.56250000000001,Gilgel Beles town,4.01207949375344e-05
9.76714555919557,36.56250000000001,Dangur,0.008357825238847448
9.76714555919557,36.56250000000001,Guba,0.006047687130596454
9.76714555919557,36.56250000000001,Wembera,0.07529378321088234
9.76714555919557,36.56250000000001,Mandura,0.010538250061315762
9.76714555919557,36.56250000000001,Dibate,0.02277572467942886
9.76714555919557,36.56250000000001,Pawe,8.85304482333303e-05
9.76714555919557,36.56250000000001,Bulen,0.03112769173975493
9.76714555919557,36.56250000000001,Bilidigilu,0.006472206172549384
9.76714555919557,36.56250000000001,Kamashi town,0.0002931144535747708
9.76714555919557,36.56250000000001,Zayi,0.027616669858394234
9.76714555919557,36.56250000000001,Sedal,0.013865087220380658
9.76714555919557,36.56250000000001,Kamashi,0.015573334995862408
9.76714555919557,36.56250000000001,Dembe,0.018902242620249227
9.76714555919557,36.56250000000001,Mezniga,0.017656360539901723
9.76714555919557,36.56250000000001,Kebena Special,1.081726703521398e-05
9.76714555919557,36.56250000000001,Abeshege,0.0005903363299256326
9.76714555919557,39.375,Adar,0.004380424181126855
9.76714555919557,39.375,Amibara,0.008640866847096983
9.76714555919557,39.375,Awash Fantale,0.010033437890220837
9.76714555919557,39.375,Gewane,0.004790343125898157
9.76714555919557,39.375,Dulecha,0.01558083559444522
9.76714555919557,39.375,Gala'alu,0.014749008264454496
9.76714555919557,39.375,Arguba,0.003829843599047459
9.76714555919557,39.375,Hanruka,0.022077668442222104
9.76714555919557,39.375,Abida,0.004067885320122013
9.76714555919557,39.375,Borimodaytu,0.00832922041519552
9.76714555919557,39.375,Werer,0.0007700358079296421
9.76714555919557,39.375,Awash town,0.0007255513615770194
9.76714555919557,39.375,Telalek,0.011642256034449261
9.76714555919557,39.375,Samurobi,0.015175879439143853
9.76714555919557,39.375,Dawe,0.007892914514019961
9.76714555919557,39.375,Dalefage,0.010295001471329562
9.76714555919557,39.375,Hadelela,0.013221199907268263
9.76714555919557,39.375,Kilalu,0.0015810252189293703
9.76714555919557,39.375,Yangudi,0.015611410874796934
9.76714555919557,39.375,Sibaybi,0.011658894782402009
9.76714555919557,39.375,Semada,0.002110343180168765
9.76714555919557,39.375,East Esite,5.968049603920857e-05
9.76714555919557,39.375,Sede Muja,3.318118324678742e-05
9.76714555919557,39.375,Argoba,0.0033208096686578965
9.76714555919557,39.375,Tenta,0.005430501229097321
9.76714555919557,39.375,Kutaber,0.000447732515416737
9.76714555919557,39.375,Kalu,0.006492273307117395
9.76714555919557,39.375,Albuko,0.005024464338884458
9.76714555919557,39.375,Dessie Zuria,0.009052909538611468
9.76714555919557,39.375,Legambo,0.010513950692590356
9.76714555919557,39.375,Sayint,0.012659179930670525
9.76714555919557,39.375,Borena /Debresina,0.010716461934820823
9.76714555919557,39.375,Kelela,0.015016197156888034
9.76714555919557,39.375,Jama,0.011034213795866124
9.76714555919557,39.375,Were Ilu,0.00776808162644347
9.76714555919557,39.375,Wegde,0.011792161663105179
9.76714555919557,39.375,Kombolcha town,0.0013216262900889717
9.76714555919557,39.375,Dessie town,0.0013181173320648467
9.76714555919557,39.375,Mehal Sayint,0.006328363274812611
9.76714555919557,39.375,Legehida,0.005618384388077978
9.76714555919557,39.375,Mekdela,0.003254999474447043
9.76714555919557,39.375,Wereilu town,3.530316961377619e-05
9.76714555919557,39.375,Degolo town,4.0242506170980115e-05
9.76714555919557,39.375,Kelala town,2.1396746546185564e-05
9.76714555919557,39.375,Akeseta town,0.00010974390157006572
9.76714555919557,39.375,Gimeba town,1.975963285015772e-05
9.76714555919557,39.375,Harbu town,2.608798448647218e-05
9.76714555919557,39.375,Wegedi town,1.285581679037813e-05
9.76714555919557,39.375,Mekane Selam town,0.00011362660076157457
9.76714555919557,39.375,Mida Woremo,0.008916393375930665
9.76714555919557,39.375,Merhabete,0.010983109233512478
9.76714555919557,39.375,Ensaro,0.004743059007030133
9.76714555919557,39.375,Moretna Jiru,0.006942440517883938
9.76714555919557,39.375,Menze Gera Midir,0.01166480286854156
9.76714555919557,39.375,Gishe Rabel,0.00693863682455184
9.76714555919557,39.375,Antsokiya,0.003919927954058728
9.76714555919557,39.375,Eferatana Gidem,0.005375143584524286
9.76714555919557,39.375,Menze Mama Midir,0.006825791261943405
9.76714555919557,39.375,Tarema Ber,0.00588804331210155
9.76714555919557,39.375,Mojan Wedera,0.006498449486619904
9.76714555919557,39.375,Kewet,0.007948923329158922
9.76714555919557,39.375,Angolelana Tera,0.008470991850708662
9.76714555919557,39.375,Assagirt,0.005242582848034058
9.76714555919557,39.375,Ankober,0.007428932526328233
9.76714555919557,39.375,Hagere Mariam,0.006780980625841027
9.76714555919557,39.375,Berehet,0.008095155658082234
9.76714555919557,39.375,Minjar Shenkora,0.01806174057408625
9.76714555919557,39.375,Basona Worena,0.012758659902269275
9.76714555919557,39.375,Debre Berhan town,0.0015363928754707236
9.76714555919557,39.375,Menze Keya Gabriel,0.005727222729361897
9.76714555919557,39.375,Menze Lalo Midir,0.004014252583947064
9.76714555919557,39.375,Siya Debirna Wayu,0.004868924615365491
9.76714555919557,39.375,Tulefa town,0.0007131503933970849
9.76714555919557,39.375,Arerti town,2.006392238189112e-05
9.76714555919557,39.375,Molale town,1.4676238678101524e-05
9.76714555919557,39.375,Debre Sina town,5.197816594181107e-05
9.76714555919557,39.375,Enewari town,1.6365361261857377e-05
9.76714555919557,39.375,Shoa Robit,0.00010433719246404287
9.76714555919557,39.375,Mehal Meda town,4.2206413158422705e-05
9.76714555919557,39.375,Ataye town,6.343412614003771e-05
9.76714555919557,39.375,Aleme Ketma town,4.499984304116085e-05
9.76714555919557,39.375,Hulet Ej Enese,0.003507851999093701
9.76714555919557,39.375,Goncha Siso Enebse,0.004520265981353167
9.76714555919557,39.375,Enebse Sarmder,0.011187811421024806
9.76714555919557,39.375,Enarj Enawga,0.00958316707307233
9.76714555919557,39.375,Enemay,0.007680933613858664
9.76714555919557,39.375,Debay Telatgen,0.0041946837188331365
9.76714555919557,39.375,Awabel,0.006245145504809097
9.76714555919557,39.375,Dejen,0.006568703434861252
9.76714555919557,39.375,Shebel Bernta,0.009470412169939338
9.76714555919557,39.375,Aneded,1.1157220984825552e-05
9.76714555919557,39.375,Sedae,0.006386941813221273
9.76714555919557,39.375,Gundwoin town,4.0768522002748976e-05
9.76714555919557,39.375,Debrework town,3.504128938725279e-05
9.76714555919557,39.375,Merto Lemariyam town,0.00014687708690583464
9.76714555919557,39.375,Dejen town,2.7202524664587243e-05
9.76714555919557,39.375,Bechena town,3.70981370285564e-05
9.76714555919557,39.375,Dewa Cheffa,0.0068750071845892925
9.76714555919557,39.375,Bati,0.006211485258890331
9.76714555919557,39.375,Jilye Tumuga,0.009348858724053296
9.76714555919557,39.375,Artuma Fursi,0.006436017726813731
9.76714555919557,39.375,Dewa Harewa,0.0046236088983586535
9.76714555919557,39.375,Kemisie town,3.9528396546816276e-05
9.76714555919557,39.375,Chef Robit town,1.681489978066974e-05
9.76714555919557,39.375,Senbete town,1.2220704099082556e-05
9.76714555919557,39.375,Jeldu,0.007685025310749271
9.76714555919557,39.375,Ambo Zuria,0.0010986043571470576
9.76714555919557,39.375,Dendi,0.00741435294027101
9.76714555919557,39.375,Ejere /Addis Alem,0.0061052565384036445
9.76714555919557,39.375,Holeta town,0.0006008494647790128
9.76714555919557,39.375,Adda Berga,0.009918125718104943
9.76714555919557,39.375,Meta Robi,0.004749466380965294
9.76714555919557,39.375,Abuna Ginde Beret,0.00621720490125754
9.76714555919557,39.375,Ifata,0.001430967461412576
9.76714555919557,39.375,Welmera,0.004581855598482393
9.76714555919557,39.375,Ejersa Lafo,0.0035977549533982617
9.76714555919557,39.375,Cobi,0.0005662404993953358
9.76714555919557,39.375,Meta Walkite,0.005313060734324927
9.76714555919557,39.375,Wara Jarso,0.012154991481363224
9.76714555919557,39.375,Dera (OR),0.016183899879236747
9.76714555919557,39.375,Hidabu Abote,0.005340661802720064
9.76714555919557,39.375,Kuyu,0.009699788774506614
9.76714555919557,39.375,Degem,0.006747547462160426
9.76714555919557,39.375,Gerar Jarso,0.004968068018376844
9.76714555919557,39.375,Debre Libanos,0.002972016376478407
9.76714555919557,39.375,Wuchale,0.009379324439890807
9.76714555919557,39.375,Abichugna Gne'a,0.00709925480335158
9.76714555919557,39.375,Kimbibit,0.006463144685330801
9.76714555919557,39.375,Sheno town,0.0001906871076187022
9.76714555919557,39.375,Fiche town,0.00013988425138635979
9.76714555919557,39.375,Yaya Gulele,0.003576603428933694
9.76714555919557,39.375,Jida,0.0051117133410875535
9.76714555919557,39.375,Garba Guracha,0.00019605868515930815
9.76714555919557,39.375,Aleltu,0.004454666217466454
9.76714555919557,39.375,Bereh,0.0033386055879613187
9.76714555919557,39.375,Sululta (OR),0.009270512681374464
9.76714555919557,39.375,Chancho town,0.00037065511673196525
9.76714555919557,39.375,Mulo,0.0036049158437499703
9.76714555919557,39.375,Sendafa town,0.0015034920872802463
9.76714555919557,39.375,Fentale,0.015328079540028699
9.76714555919557,39.375,Boset,0.013615708600305549
9.76714555919557,39.375,Adama,0.0021041033200642
9.76714555919557,39.375,Lome (OR),0.00667050762060443
9.76714555919557,39.375,Gimbichu,0.006973950501254274
9.76714555919557,39.375,Ada'a,0.005311493617108278
9.76714555919557,39.375,Dugda,0.0001407225320301568
9.76714555919557,39.375,Bishoftu town,0.005360329623739936
9.76714555919557,39.375,Bora (OR),0.000810829309650185
9.76714555919557,39.375,Liben Chukala,0.0073699414857319135
9.76714555919557,39.375,Akaki,0.002537567862389633
9.76714555919557,39.375,Adama town,0.006673973670366953
9.76714555919557,39.375,Mojo town,0.0005410060746259016
9.76714555919557,39.375,Metehara town,5.966149246957296e-05
9.76714555919557,39.375,Merti,0.008327958284827516
9.76714555919557,39.375,Aseko,0.005674131243195214
9.76714555919557,39.375,Golocha,0.0003626420283021412
9.76714555919557,39.375,Jeju,0.003869543327251649
9.76714555919557,39.375,Dodota,0.0004947798625412599
9.76714555919557,39.375,Guna,0.001546976112965753
9.76714555919557,39.375,Sire,0.0013043964301050577
9.76714555919557,39.375,Shanan Kolu,0.003874658888180488
9.76714555919557,39.375,Mieso,0.011754728785594627
9.76714555919557,39.375,Anchar,0.007920460609117077
9.76714555919557,39.375,Goba Koricha,0.004247047447864316
9.76714555919557,39.375,Habro,0.007780394633829079
9.76714555919557,39.375,Daro Lebu,0.011360310745345513
9.76714555919557,39.375,Boke,0.007186980180818392
9.76714555919557,39.375,Kuni /Oda Bultum,0.0027832541826173732
9.76714555919557,39.375,Chiro Zuria,0.002626240344426964
9.76714555919557,39.375,Bedesa town,2.732686330601567e-05
9.76714555919557,39.375,Hawi Gudina,0.00033668556034483177
9.76714555919557,39.375,Gumbi Bordede,0.014492187305630627
9.76714555919557,39.375,Burqua Dhintu,0.0004908047566612014
9.76714555919557,39.375,Wenchi,9.878390729715873e-05
9.76714555919557,39.375,Waliso,0.006529773949013034
9.76714555919557,39.375,Dawo,0.004775857687099395
9.76714555919557,39.375,Ilu,0.00255090527097247
9.76714555919557,39.375,Sebeta Hawas,0.00497833582367801
9.76714555919557,39.375,Kersana Malima,0.006273655201377974
9.76714555919557,39.375,Tole,0.004405908795756906
9.76714555919557,39.375,Becho (SW Shewa),0.004571235929418441
9.76714555919557,39.375,Seden Sodo,0.004345120767305944
9.76714555919557,39.375,Woliso town,0.0001934554541051876
9.76714555919557,39.375,Goro (SW Shewa),0.000362092108187564
9.76714555919557,39.375,Sodo Daci,0.004455996655166667
9.76714555919557,39.375,Burayu,0.00026095574264266416
9.76714555919557,39.375,Eka Tafo,0.0010270679099063241
9.76714555919557,39.375,Furi,0.0004967277905993851
9.76714555919557,39.375,Galan,0.0012959989346609916
9.76714555919557,39.375,Galan Gudo,0.0015842550604316876
9.76714555919557,39.375,Gefersa Guje,0.0017964699876458195
9.76714555919557,39.375,Koye,0.0014646703132977536
9.76714555919557,39.375,Kura Jida,0.002571475450104224
9.76714555919557,39.375,Mana Abichu,0.0009937621008474732
9.76714555919557,39.375,Melka Nonno,0.00041921926583757897
9.76714555919557,39.375,Sebeta,0.0022537171780465898
9.76714555919557,39.375,Sululta,0.0015521699605402504
9.76714555919557,39.375,Miesso,7.474439699944875e-05
9.76714555919557,39.375,Daymeed,0.0017783816736726195
9.76714555919557,39.375,Kebena Special,7.890859155597506e-05
9.76714555919557,39.375,Gedebano Gutazer Welene,0.0008408523192645358
9.76714555919557,39.375,Sodo,0.0016550773481031635
9.76714555919557,39.375,Akaki Kality Sub City,0.0013188959700120451
9.76714555919557,39.375,Nifas Silk Lafto Sub City,0.0005374604335787856
9.76714555919557,39.375,Kolfe Keraniyo Sub City,0.0005355634006966309
9.76714555919557,39.375,Bole Sub City,0.0006872614333062621
9.76714555919557,39.375,Lideta Sub City,0.00015736697211988994
9.76714555919557,39.375,Kirkos Sub City,0.00015474951988585876
9.76714555919557,39.375,Yeka Sub City,0.000611427314164255
9.76714555919557,39.375,Addis Ketema Sub City,0.00022138798850055214
9.76714555919557,39.375,Arada Sub City,0.00010409826696574123
9.76714555919557,39.375,Gulele Sub City,0.0003890774721846452
9.76714555919557,39.375,Lemi Kura Sub City,0.0009358653771873766
9.76714555919557,42.18749999999999,Afambo,0.007216331714932616
9.76714555919557,42.18749999999999,Gala'alu,0.004425887650868063
9.76714555919557,42.18749999999999,Abida,0.00769657490492996
9.76714555919557,42.18749999999999,Gerani,0.009657615469790874
9.76714555919557,42.18749999999999,Kilalu,0.01880023378864618
9.76714555919557,42.18749999999999,Yangudi,0.006386827972322065
9.76714555919557,42.18749999999999,Sibaybi,0.011234900528764235
9.76714555919557,42.18749999999999,Mieso,0.004048108405935541
9.76714555919557,42.18749999999999,Doba,0.006523532510827167
9.76714555919557,42.18749999999999,Tulo (OR),0.004504395319371771
9.76714555919557,42.18749999999999,Mesela /Shen Duggoo,0.006851031816719946
9.76714555919557,42.18749999999999,Chiro town,6.18546729395496e-05
9.76714555919557,42.18749999999999,Boke,0.003638257758533712
9.76714555919557,42.18749999999999,Kuni /Oda Bultum,0.011595022700526515
9.76714555919557,42.18749999999999,Gemechis,0.010905299117170274
9.76714555919557,42.18749999999999,Chiro Zuria,0.004588039894973575
9.76714555919557,42.18749999999999,Burqua Dhintu,0.007581901154168852
9.76714555919557,42.18749999999999,Babile town,3.5588127024120516e-05
9.76714555919557,42.18749999999999,Kombolcha,0.0032685335362388187
9.76714555919557,42.18749999999999,Jarso (East Hararge),0.00594686044535617
9.76714555919557,42.18749999999999,Gursum (OR),0.009516344130200857
9.76714555919557,42.18749999999999,Babile (OR),0.04666225458108147
9.76714555919557,42.18749999999999,Fedis,0.007337167732595788
9.76714555919557,42.18749999999999,Haro Maya,0.0025911060284312688
9.76714555919557,42.18749999999999,Kurfa Chele,0.002547591313129319
9.76714555919557,42.18749999999999,Kersa (East Hararge),0.004682852976858578
9.76714555919557,42.18749999999999,Meta,0.004847111620741037
9.76714555919557,42.18749999999999,Goro Gutu,0.005600245842574275
9.76714555919557,42.18749999999999,Deder,0.006743452753699947
9.76714555919557,42.18749999999999,Melka Balo,0.014563871528730597
9.76714555919557,42.18749999999999,Bedeno,0.00859879961365626
9.76714555919557,42.18749999999999,Midhaga Tola,0.016234779807834006
9.76714555919557,42.18749999999999,Chinaksen,0.013050463273669847
9.76714555919557,42.18749999999999,Girawa,0.011603684624665923
9.76714555919557,42.18749999999999,Golo Oda,0.02023053911922166
9.76714555919557,42.18749999999999,Meyu Muleke,0.019294461332508464
9.76714555919557,42.18749999999999,Maya town,0.0037346977122832132
9.76714555919557,42.18749999999999,Mekanisa Oromo,0.003304813018385136
9.76714555919557,42.18749999999999,Goro Muti,0.0022756692391943424
9.76714555919557,42.18749999999999,Deder town,3.1645579119723265e-05
9.76714555919557,42.18749999999999,Kumbi,0.006279604322164443
9.76714555919557,42.18749999999999,Ayisha,0.05658530329848639
9.76714555919557,42.18749999999999,Dembel,0.02833880743449132
9.76714555919557,42.18749999999999,Shinile,0.03757449980565243
9.76714555919557,42.18749999999999,Erer (SM),0.04342707706996403
9.76714555919557,42.18749999999999,Afdem,0.015410127702926393
9.76714555919557,42.18749999999999,Hadhagala,0.04128181241817478
9.76714555919557,42.18749999999999,Miesso,0.005815520170172972
9.76714555919557,42.18749999999999,Daymeed,0.00154135154036655
9.76714555919557,42.18749999999999,Dhunyar,0.023718025754829352
9.76714555919557,42.18749999999999,Gota-Biki,0.01191155786977869
9.76714555919557,42.18749999999999,Gablalu,0.05284445678322652
9.76714555919557,42.18749999999999,Gursum (SM),0.0021021018014881813
9.76714555919557,42.18749999999999,Babile (SM),0.0036355292861084305
9.76714555919557,42.18749999999999,Shabeeley,0.01699383673727059
9.76714555919557,42.18749999999999,Aw-Bare,0.018522043335778095
9.76714555919557,42.18749999999999,Kebribeyah,0.029687078053712998
9.76714555919557,42.18749999999999,Harshin,0.009224252828501164
9.76714555919557,42.18749999999999,Tuliguled,0.004492509902740604
9.76714555919557,42.18749999999999,Goljano,0.0033336224670584757
9.76714555919557,42.18749999999999,Jigjiga town,0.0026260623043200967
9.76714555919557,42.18749999999999,Wajale town,0.0012080294138925344
9.76714555919557,42.18749999999999,Kebribayah town,0.0003045585814697807
9.76714555919557,42.18749999999999,Koran /Mulla,0.015380870011742877
9.76714555919557,42.18749999999999,Haroreys,0.008714252094383163
9.76714555919557,42.18749999999999,Harawo,0.01612914870335092
9.76714555919557,42.18749999999999,Degehamedo,0.00191202306577513
9.76714555919557,42.18749999999999,Degehabur,0.0033298929563496654
9.76714555919557,42.18749999999999,Bilcil-Bur,0.008138920969452186
9.76714555919557,42.18749999999999,Yocale,0.0007220782549981298
9.76714555919557,42.18749999999999,Ararso,0.010185323866197376
9.76714555919557,42.18749999999999,Fik,0.003818822930827719
9.76714555919557,42.18749999999999,Meyumuluka,0.0033296453787268194
9.76714555919557,42.18749999999999,Sofi,0.0013781206073507717
9.76714555919557,42.18749999999999,Shenkor,0.00028459441213956677
9.76714555919557,42.18749999999999,Jinela,0.0001997886858988385
9.76714555919557,42.18749999999999,Hakim,0.000436745662789932
9.76714555919557,42.18749999999999,Erer (HR),0.0010363458370766516
9.76714555919557,42.18749999999999,Dire Teyara,0.00011916028015437239
9.76714555919557,42.18749999999999,Amir Nur,0.00012426685360778457
9.76714555919557,42.18749999999999,Aboker,0.00010716736874094587
9.76714555919557,42.18749999999999,Abadir,0.00020136157325530328
9.76714555919557,42.18749999999999,Sabian,0.0002070308176412261
9.76714555919557,42.18749999999999,Malka Jabti /M.Jebdu,0.00023091658987212793
9.76714555919557,42.18749999999999,Addis Ketema (DD),0.00011580412677559013
9.76714555919557,42.18749999999999,Dechatu,1.4045307869368481e-05
9.76714555919557,42.18749999999999,Kazira,0.00013449985518312763
9.76714555919557,42.18749999999999,Police Maret,9.333730870329425e-05
9.76714555919557,42.18749999999999,Aseliso,0.0010761068198531403
9.76714555919557,42.18749999999999,Jeldessa,0.0035682953088593972
9.76714555919557,42.18749999999999,Wahil,0.0019217416104548109
9.76714555919557,42.18749999999999,Biyoawale,0.0036728448778325646
9.76714555919557,45.0,Harshin,0.03826259061454049
9.76714555919557,45.0,Degehabur,0.0008120741733086303
9.76714555919557,45.0,Aware,4.794838118726053e-05
9.76714555919557,45.0,Gashamo,0.026015792712656183
9.76714555919557,45.0,Yocale,0.009890087027609592
9.76714555919557,45.0,Daror,0.045789454826572415
12.557756115230676,33.75,Guba,0.008977043033165643
12.557756115230676,33.75,Sedal,0.0009305440347641751
12.557756115230676,36.56250000000001,Asgede,0.0027806471711125757
12.557756115230676,36.56250000000001,Tsimbla,0.00048368131545766744
12.557756115230676,36.56250000000001,Addi Arekay,0.0071158340644838095
12.557756115230676,36.56250000000001,Debark,0.011062375317812637
12.557756115230676,36.56250000000001,Dabat,0.011571091537202148
12.557756115230676,36.56250000000001,Dabat town,5.0622790700360694e-05
12.557756115230676,36.56250000000001,Debark town,6.0101647364669506e-05
12.557756115230676,36.56250000000001,Ebenat,0.00039215343223484797
12.557756115230676,36.56250000000001,Libokemekem,0.012219963106071381
12.557756115230676,36.56250000000001,Fogera,0.01404096644632511
12.557756115230676,36.56250000000001,Farta,0.0023915401932872245
12.557756115230676,36.56250000000001,East Esite,0.0018312170313519365
12.557756115230676,36.56250000000001,Dera (AM),0.01818138502216159
12.557756115230676,36.56250000000001,Debre Tabor town,6.935720680725633e-05
12.557756115230676,36.56250000000001,Andabet /West Esite,0.006508211733270536
12.557756115230676,36.56250000000001,Hamusit town,3.551724729621711e-05
12.557756115230676,36.56250000000001,Woreta town,6.175978043588474e-05
12.557756115230676,36.56250000000001,Adiss Zemen town,3.8525958171677466e-05
12.557756115230676,36.56250000000001,Hulet Ej Enese,0.0010133705562196385
12.557756115230676,36.56250000000001,Dangila,0.00790112282628915
12.557756115230676,36.56250000000001,Fagta Lakoma,0.00028257199022068183
12.557756115230676,36.56250000000001,Jawi,0.03452006008422726
12.557756115230676,36.56250000000001,Fendika town,1.5337498209827908e-05
12.557756115230676,36.56250000000001,Dangila town,9.558523011204112e-05
12.557756115230676,36.56250000000001,Amba Giorgis town,8.712122784157526e-05
12.557756115230676,36.56250000000001,Shawra town,2.9618321377486252e-05
12.557756115230676,36.56250000000001,Kolla Debba town,3.387110682296818e-05
12.557756115230676,36.56250000000001,Chilga 1,0.007621557030105662
12.557756115230676,36.56250000000001,Tegede,0.019975310685803674
12.557756115230676,36.56250000000001,Lay Armacho,0.011235936767568662
12.557756115230676,36.56250000000001,Wegera,0.013049513421670074
12.557756115230676,36.56250000000001,Gonder Zuria,0.014418449268849557
12.557756115230676,36.56250000000001,East Dembia,0.007381995939927437
12.557756115230676,36.56250000000001,Chilga 2,0.00792852176728133
12.557756115230676,36.56250000000001,Alefa,0.022341730146437495
12.557756115230676,36.56250000000001,West Belesa,0.012481569754055582
12.557756115230676,36.56250000000001,East Belesa,0.0005621038785648098
12.557756115230676,36.56250000000001,Gondar town,0.0030990330921498743
12.557756115230676,36.56250000000001,Masero Denb /Central Armacho,0.01576818598650252
12.557756115230676,36.56250000000001,Tach Armacho,0.014254122547866597
12.557756115230676,36.56250000000001,Takusa,0.023053987487037544
12.557756115230676,36.56250000000001,Kinfaz Begela,0.004288146398957788
12.557756115230676,36.56250000000001,West Dembiya,0.013314628506213868
12.557756115230676,36.56250000000001,Aykel town,3.167296749274772e-05
12.557756115230676,36.56250000000001,Adagn Ager Chaqo,0.01571004078405715
12.557756115230676,36.56250000000001,Mirab Armacho,0.015825902768549206
12.557756115230676,36.56250000000001,Metema,0.05650646185318659
12.557756115230676,36.56250000000001,Quara,0.08934639534022891
12.557756115230676,36.56250000000001,Midre Genet,0.00010204568321263077
12.557756115230676,36.56250000000001,Metema Yohanes town,9.589904740180263e-05
12.557756115230676,36.56250000000001,Gendawuha town,0.00012069607672520481
12.557756115230676,36.56250000000001,Semen Achefer,0.013232340281728582
12.557756115230676,36.56250000000001,Merawi town,3.042779248982955e-05
12.557756115230676,36.56250000000001,Yilmana Densa,0.008269465296944556
12.557756115230676,36.56250000000001,Mecha,0.00576897812743422
12.557756115230676,36.56250000000001,Debub Achefer,0.011613423625373395
12.557756115230676,36.56250000000001,Debub Mecha,0.00880583904106781
12.557756115230676,36.56250000000001,Gonje,0.004013394859068569
12.557756115230676,36.56250000000001,Dure Bete,2.1087943749949662e-05
12.557756115230676,36.56250000000001,Adete town,4.13717634850931e-05
12.557756115230676,36.56250000000001,Bahir Dar Zuria,0.016690632889323424
12.557756115230676,36.56250000000001,Bahir Dar town,0.0027815428313628884
12.557756115230676,36.56250000000001,Zege town,0.0007280062027042712
12.557756115230676,36.56250000000001,Deq,0.006472885256094144
12.557756115230676,36.56250000000001,Meshenti town,0.00032428461382105013
12.557756115230676,36.56250000000001,Tis Abay town,0.001187145098176129
12.557756115230676,36.56250000000001,Dangur,0.041850430505356896
12.557756115230676,36.56250000000001,Guba,0.05631434034531489
12.557756115230676,36.56250000000001,Mandura,0.00025496281437198805
12.557756115230676,36.56250000000001,Pawe,0.006810095161009995
12.557756115230676,36.56250000000001,Korarit,0.004386527732635795
12.557756115230676,36.56250000000001,Kafta Humera,0.01433200840596903
12.557756115230676,36.56250000000001,Welkait,0.022012884506703242
12.557756115230676,36.56250000000001,Tsegede,0.023235937097359525
12.557756115230676,36.56250000000001,May Kadra,0.007453390692185323
12.557756115230676,36.56250000000001,Dansha town,0.01156301434399269
12.557756115230676,36.56250000000001,Awra,0.009068415859270193
12.557756115230676,36.56250000000001,May Gaba,0.00015673559250091904
12.557756115230676,36.56250000000001,Tselemti /West Telemt,0.009031341071258822
12.557756115230676,39.375,Zana,0.005248483036500126
12.557756115230676,39.375,Tahtay Koraro,0.0002630135790310026
12.557756115230676,39.375,Asgede,0.00019215125390214602
12.557756115230676,39.375,Tsimbla,0.008508611160109193
12.557756115230676,39.375,Endabaguna town,3.019551169950525e-05
12.557756115230676,39.375,Endaba Tsahma,0.0013440708714822906
12.557756115230676,39.375,Tahtay Maychew,0.00017812182667174733
12.557756115230676,39.375,Adet,0.006111434284118748
12.557756115230676,39.375,Kola Tembien,0.007642252717858374
12.557756115230676,39.375,Naeder,0.003301378448473694
12.557756115230676,39.375,Abergele (TG),0.011979925776217093
12.557756115230676,39.375,Abiy Adi town,0.00020981638598684281
12.557756115230676,39.375,Endafelasi,0.0032575076934562935
12.557756115230676,39.375,Emba Sieneti,0.0003152741911756144
12.557756115230676,39.375,Keyhe tekli,0.007617521589671466
12.557756115230676,39.375,Tanqua Melashe,0.003951279312001132
12.557756115230676,39.375,Hawzen,0.0034840555710090523
12.557756115230676,39.375,Kilte Awulaelo,0.005195644937156326
12.557756115230676,39.375,Atsbi,0.0038357541191875065
12.557756115230676,39.375,Wukro town,0.0002172314989111644
12.557756115230676,39.375,Tsaeda Emba,0.00019821293584931617
12.557756115230676,39.375,Atsbi town,1.0765276840032143e-05
12.557756115230676,39.375,Agulae,0.009994419654317016
12.557756115230676,39.375,Geraleta,0.003693930798391302
12.557756115230676,39.375,Selewa,0.002924366168141104
12.557756115230676,39.375,Bora (TG),0.0019809141639038066
12.557756115230676,39.375,Neqsege,0.0017878575266512507
12.557756115230676,39.375,Emba Alaje,0.003652075737605719
12.557756115230676,39.375,Endamehoni,0.0047999051828260504
12.557756115230676,39.375,Raya Azebo,0.010789312255709081
12.557756115230676,39.375,Maichew town,0.00017192379693788272
12.557756115230676,39.375,Mekhoni town,4.128336673494223e-05
12.557756115230676,39.375,Saharti,0.006671056741495856
12.557756115230676,39.375,Enderta,0.017109798388556294
12.557756115230676,39.375,Hintalo,0.009941476508532195
12.557756115230676,39.375,Degua Temben,0.004652420840618792
12.557756115230676,39.375,Hagere Selam town,5.56750994869481e-05
12.557756115230676,39.375,Samre,0.011012795928471823
12.557756115230676,39.375,Adigudom,0.0001724866328893272
12.557756115230676,39.375,Wajirat,0.00932534044676101
12.557756115230676,39.375,Kuiha Sub City,0.0015580825791054564
12.557756115230676,39.375,Hadnet Sub City,0.0006904689785134403
12.557756115230676,39.375,Ayder Sub City,0.0004430871054157247
12.557756115230676,39.375,Hawelti Sub City,0.0001685558025814904
12.557756115230676,39.375,Adihaki Sub City,4.0451699623215965e-05
12.557756115230676,39.375,Qedamay Weyane Sub City,6.730491437769408e-05
12.557756115230676,39.375,Semen Sub City,0.0003847512248294997
12.557756115230676,39.375,Dubti,0.01284494358494939
12.557756115230676,39.375,Mile,0.014302566896828624
12.557756115230676,39.375,Chifra,0.015672148218788918
12.557756115230676,39.375,Kori,0.0035180200496126874
12.557756115230676,39.375,Adar,0.020023838452229596
12.557756115230676,39.375,Mile town,2.0534769724111076e-05
12.557756115230676,39.375,Chifra town,2.4188601213298533e-05
12.557756115230676,39.375,Erebti,0.027759573235645145
12.557756115230676,39.375,Kunneba,0.0012870690093357156
12.557756115230676,39.375,Abaala,0.00486802147049926
12.557756115230676,39.375,Megale,0.011972088980454841
12.557756115230676,39.375,Berahile,0.015043436913776603
12.557756115230676,39.375,Afdera,0.0670014023720703
12.557756115230676,39.375,Bidu,0.0041379973321595655
12.557756115230676,39.375,Abaala town,0.002011765122063697
12.557756115230676,39.375,Wasama,0.005368557089001006
12.557756115230676,39.375,Awra (AF),0.0242523903489886
12.557756115230676,39.375,Euwa,0.015265561609068782
12.557756115230676,39.375,Teru,0.031946004147173204
12.557756115230676,39.375,Yalo,0.00809465453752745
12.557756115230676,39.375,Gulina,0.008963024929584243
12.557756115230676,39.375,Mabay,0.025026911547148947
12.557756115230676,39.375,Addi Arekay,0.008485492459472558
12.557756115230676,39.375,Beyeda,0.010290151390324808
12.557756115230676,39.375,Janamora,0.01376982268354617
12.557756115230676,39.375,Debark,0.002181670372492715
12.557756115230676,39.375,Telemt,0.008253147076253731
12.557756115230676,39.375,Ebenat,0.016702932653256283
12.557756115230676,39.375,Fogera,7.70128391006901e-05
12.557756115230676,39.375,Farta,0.005589439985143145
12.557756115230676,39.375,Lay Gayint,0.01602274538644111
12.557756115230676,39.375,Tach Gayint,0.00872149865495916
12.557756115230676,39.375,Semada,0.011974530141846846
12.557756115230676,39.375,East Esite,0.012174544857477987
12.557756115230676,39.375,Debre Tabor town,0.0011033214533428
12.557756115230676,39.375,Andabet /West Esite,0.0020397644763891216
12.557756115230676,39.375,Guna Begemider,0.004917870800136247
12.557756115230676,39.375,Mena Meketewa,0.007884616170696171
12.557756115230676,39.375,Sede Muja,0.009535098009196908
12.557756115230676,39.375,Nefas Mewicha town,8.149154333030875e-05
12.557756115230676,39.375,Wegeda town,5.08929409426835e-05
12.557756115230676,39.375,Ebenat town,2.2779199431987512e-05
12.557756115230676,39.375,Mekan Eyesuse,0.0003550908477935743
12.557756115230676,39.375,Bugna,0.013799407964150816
12.557756115230676,39.375,Raya Kobo,0.02033900474293335
12.557756115230676,39.375,Gidan,0.011501979820106579
12.557756115230676,39.375,Meket,0.013954543586078656
12.557756115230676,39.375,Wadla,0.008731474896135039
12.557756115230676,39.375,Hara town,6.963640152541296e-05
12.557756115230676,39.375,Guba Lafto,0.008363025687102349
12.557756115230676,39.375,Habru,0.013919138650208879
12.557756115230676,39.375,Woldiya town,0.0008340483948426472
12.557756115230676,39.375,Lasta,0.011804988703118914
12.557756115230676,39.375,Dawunt,0.006531124722389143
12.557756115230676,39.375,Gazo,0.006119334621768944
12.557756115230676,39.375,Angot,0.0010910083220886367
12.557756115230676,39.375,Filakit town,0.00012172001161575485
12.557756115230676,39.375,Gashena town,0.0003104225724278351
12.557756115230676,39.375,Mersa town,5.1340101109631565e-05
12.557756115230676,39.375,Lalibela town,8.274737081788703e-05
12.557756115230676,39.375,Kobo town,6.252587621928615e-05
12.557756115230676,39.375,Tenta,0.008464630669885313
12.557756115230676,39.375,Kutaber,0.007152710286945916
12.557756115230676,39.375,Ambasel,0.009321055391135235
12.557756115230676,39.375,Thehulederie,0.004663235895836476
12.557756115230676,39.375,Delanta,0.011114531058786499
12.557756115230676,39.375,Kalu,0.002464158127952564
12.557756115230676,39.375,Dessie Zuria,0.0008389800725387489
12.557756115230676,39.375,Sayint,0.0025048052727648694
12.557756115230676,39.375,Kombolcha town,7.25914408790305e-05
12.557756115230676,39.375,Dessie town,0.0007807546865135839
12.557756115230676,39.375,Mekdela,0.012488934875100537
12.557756115230676,39.375,Worebabu,0.007927275558023226
12.557756115230676,39.375,Wegel tena town,5.733644985636588e-05
12.557756115230676,39.375,Hike town,2.0750765086985786e-05
12.557756115230676,39.375,Hulet Ej Enese,0.00024948816373100393
12.557756115230676,39.375,Zequala,0.01832506327833171
12.557756115230676,39.375,Sekota,0.013247578413347954
12.557756115230676,39.375,Dehana,0.01740924961187728
12.557756115230676,39.375,Gaz Gibla,0.010926248866386863
12.557756115230676,39.375,Abergele (AM),0.016727674561517164
12.557756115230676,39.375,Sahila,0.012154648608550638
12.557756115230676,39.375,Sekota town,0.001069708517050646
12.557756115230676,39.375,Tsagbeji,0.004709268978256488
12.557756115230676,39.375,Bati,0.006570736007225217
12.557756115230676,39.375,Bati town,3.834821228853829e-05
12.557756115230676,39.375,West Belesa,0.0008507577133857454
12.557756115230676,39.375,East Belesa,0.014499686128769219
12.557756115230676,39.375,Kinfaz Begela,0.014619492240647396
12.557756115230676,39.375,Tselemti /West Telemt,0.010518962003532525
12.557756115230676,39.375,Laelay Tselemti,0.01004204411825979
12.557756115230676,39.375,May Tsebri town,4.6242893105697696e-05
12.557756115230676,39.375,Raya Alamata,0.00816342962129238
12.557756115230676,39.375,Ofla,0.008255424337817304
12.557756115230676,39.375,Korem town,0.00011883243875685088
12.557756115230676,39.375,Alamata town,0.0001339048991293016
12.557756115230676,39.375,Zata,0.00295382530284806
12.557756115230676,39.375,Chercher,0.007929930490850426
12.557756115230676,42.18749999999999,Dubti,0.05068813072560636
12.557756115230676,42.18749999999999,Elidar,0.12112396522838928
12.557756115230676,42.18749999999999,Asayita,0.011283269656344146
12.557756115230676,42.18749999999999,Afambo,0.014275361907173616
12.557756115230676,42.18749999999999,Mile,0.00914564035593504
12.557756115230676,42.18749999999999,Dubti town,7.144537206893686e-05
12.557756115230676,42.18749999999999,Kori,0.026869546773015
12.557756115230676,42.18749999999999,Asayita town,0.0005303691002089915
12.557756115230676,42.18749999999999,Samera Logiya town,0.0008010393931365028
12.557756115230676,42.18749999999999,Afdera,0.05315703088219048
12.557756115230676,42.18749999999999,Bidu,0.07002703759284064
12.557756115230676,42.18749999999999,Mabay,0.004433760592765591
12.557756115230676,42.18749999999999,Gerani,0.012409024552623781
12.557756115230676,42.18749999999999,Kilalu,0.004185608500785544
15.348364759491494,36.56250000000001,Tahtay Adiyabo,0.030750376875500855
15.348364759491494,36.56250000000001,Asgede,0.008491980250570777
15.348364759491494,36.56250000000001,Sheraro town,0.0007725506750969343
15.348364759491494,36.56250000000001,Maekel Adiyabo,0.001791089315837361
15.348364759491494,36.56250000000001,Setit Humera town,0.0011081521733425734
15.348364759491494,36.56250000000001,Korarit,0.0007701603215528904
15.348364759491494,36.56250000000001,Kafta Humera,0.03900964167141918
15.348364759491494,36.56250000000001,Welkait,0.004183082122870978
15.348364759491494,36.56250000000001,May Kadra,0.004533363395297192
15.348364759491494,39.375,Tahtay Adiyabo,0.00031488125580353095
15.348364759491494,39.375,Zana,0.0008359663956790094
15.348364759491494,39.375,Tahtay Koraro,0.008511648301790683
15.348364759491494,39.375,Asgede,0.005655018816764133
15.348364759491494,39.375,Shire Endaslasie town,0.0001560254363413464
15.348364759491494,39.375,Laelay Koraro,0.004260860996065086
15.348364759491494,39.375,Seyemti Adyabo,0.0075736375638931226
15.348364759491494,39.375,Adi Daero,0.0071490755236431275
15.348364759491494,39.375,Maekel Adiyabo,0.007916925260902409
15.348364759491494,39.375,Tsimbla,0.0016979643340420507
15.348364759491494,39.375,Chila,0.00630311733528086
15.348364759491494,39.375,Aheferom,0.004906983056435959
15.348364759491494,39.375,Endaba Tsahma,0.0029815955115322164
15.348364759491494,39.375,Adwa,0.007022672189750474
15.348364759491494,39.375,Laelay Maychew,0.0050415284913036835
15.348364759491494,39.375,Tahtay Maychew,0.003373056755652507
15.348364759491494,39.375,Adet,0.0007556006809984973
15.348364759491494,39.375,Naeder,0.001916067064675499
15.348364759491494,39.375,Adwa town,0.00029126092810376886
15.348364759491494,39.375,Axum town,0.00019338759813316314
15.348364759491494,39.375,Rama Adi Arbaete,0.005108999357456382
15.348364759491494,39.375,Ahsea,0.003864524587856484
15.348364759491494,39.375,Egela,0.007168949587580365
15.348364759491494,39.375,Hahayle,0.002186848843309577
15.348364759491494,39.375,Endafelasi,0.0016578456269599599
15.348364759491494,39.375,Emba Sieneti,0.003102316879094923
15.348364759491494,39.375,Enticho town,4.110626630393348e-05
15.348364759491494,39.375,Gulo Mekeda,0.005404223363970099
15.348364759491494,39.375,Erob,0.009817186829441346
15.348364759491494,39.375,Sebuha Saesie,0.006470238846570862
15.348364759491494,39.375,Ganta Afeshum,0.004964918561958643
15.348364759491494,39.375,Hawzen,0.004603626144186597
15.348364759491494,39.375,Kilte Awulaelo,6.832027099399947e-05
15.348364759491494,39.375,Atsbi,0.0025955360835806227
15.348364759491494,39.375,Adigrat town,0.00020624760506735132
15.348364759491494,39.375,Bizet,0.0017065213206772106
15.348364759491494,39.375,Edaga Hamus town,3.0912581360237414e-05
15.348364759491494,39.375,Hawzen town,4.361194110949628e-05
15.348364759491494,39.375,Freweyni town,3.288986401565726e-05
15.348364759491494,39.375,Tsaeda Emba,0.005226962141437391
15.348364759491494,39.375,Zala Anbesa town,3.309155018731561e-05
15.348364759491494,39.375,Kunneba,0.0024370370505547097
15.348364759491494,39.375,Berahile,0.016032482261707358
15.348364759491494,39.375,Dalol,0.02382462143459864
15.348364759491494,39.375,Afdera,0.01040419156894424
15.348364759491494,42.18749999999999,Afdera,0.002366880593728648
